-- MySQL dump 10.13  Distrib 8.0.21, for Linux (x86_64)
--
-- Host: localhost    Database: projects_database2
-- ------------------------------------------------------
-- Server version	8.0.21

/*!40101 SET @OLD_CHARACTER_SET_CLIENT=@@CHARACTER_SET_CLIENT */;
/*!40101 SET @OLD_CHARACTER_SET_RESULTS=@@CHARACTER_SET_RESULTS */;
/*!40101 SET @OLD_COLLATION_CONNECTION=@@COLLATION_CONNECTION */;
/*!50503 SET NAMES utf8 */;
/*!40103 SET @OLD_TIME_ZONE=@@TIME_ZONE */;
/*!40103 SET TIME_ZONE='+00:00' */;
/*!40014 SET @OLD_UNIQUE_CHECKS=@@UNIQUE_CHECKS, UNIQUE_CHECKS=0 */;
/*!40014 SET @OLD_FOREIGN_KEY_CHECKS=@@FOREIGN_KEY_CHECKS, FOREIGN_KEY_CHECKS=0 */;
/*!40101 SET @OLD_SQL_MODE=@@SQL_MODE, SQL_MODE='NO_AUTO_VALUE_ON_ZERO' */;
/*!40111 SET @OLD_SQL_NOTES=@@SQL_NOTES, SQL_NOTES=0 */;

--
-- Table structure for table `categories`
--

DROP TABLE IF EXISTS `categories`;
/*!40101 SET @saved_cs_client     = @@character_set_client */;
/*!50503 SET character_set_client = utf8mb4 */;
CREATE TABLE `categories` (
  `id` int NOT NULL AUTO_INCREMENT,
  `category_code` varchar(10) COLLATE utf8mb4_general_ci NOT NULL,
  `category_name` varchar(50) CHARACTER SET utf8mb4 COLLATE utf8mb4_0900_ai_ci NOT NULL,
  PRIMARY KEY (`id`),
  UNIQUE KEY `category_code` (`category_code`)
) ENGINE=InnoDB AUTO_INCREMENT=4 DEFAULT CHARSET=utf8mb4 COLLATE=utf8mb4_general_ci;
/*!40101 SET character_set_client = @saved_cs_client */;

--
-- Dumping data for table `categories`
--

LOCK TABLES `categories` WRITE;
/*!40000 ALTER TABLE `categories` DISABLE KEYS */;
INSERT INTO `categories` VALUES (1,'TL01','Ứng dụng desktop'),(2,'TL02','Ứng dụng web'),(3,'TL03','Ứng dụng mobile');
/*!40000 ALTER TABLE `categories` ENABLE KEYS */;
UNLOCK TABLES;

--
-- Table structure for table `courses`
--

DROP TABLE IF EXISTS `courses`;
/*!40101 SET @saved_cs_client     = @@character_set_client */;
/*!50503 SET character_set_client = utf8mb4 */;
CREATE TABLE `courses` (
  `id` int NOT NULL AUTO_INCREMENT,
  `subject_code` varchar(10) COLLATE utf8mb4_general_ci NOT NULL,
  `subject_group` int NOT NULL,
  `class_code` varchar(50) CHARACTER SET utf8mb4 COLLATE utf8mb4_0900_ai_ci DEFAULT NULL,
  `year_semester_id` int DEFAULT NULL,
  `lecturer_code` varchar(10) COLLATE utf8mb4_general_ci DEFAULT NULL,
  `created_date` datetime DEFAULT CURRENT_TIMESTAMP,
  `created_by` varchar(10) COLLATE utf8mb4_general_ci DEFAULT NULL,
  `last_modified_date` datetime DEFAULT CURRENT_TIMESTAMP,
  PRIMARY KEY (`id`),
  UNIQUE KEY `courses` (`subject_code`,`subject_group`,`class_code`,`year_semester_id`),
  KEY `subject_code` (`subject_code`),
  KEY `lecturer_code` (`lecturer_code`),
  KEY `year_semester_id` (`year_semester_id`),
  CONSTRAINT `courses_ibfk_1` FOREIGN KEY (`subject_code`) REFERENCES `subjects` (`subject_code`),
  CONSTRAINT `courses_ibfk_2` FOREIGN KEY (`lecturer_code`) REFERENCES `lecturers` (`lecturer_code`),
  CONSTRAINT `courses_ibfk_3` FOREIGN KEY (`year_semester_id`) REFERENCES `years_semesters` (`id`)
) ENGINE=InnoDB AUTO_INCREMENT=2 DEFAULT CHARSET=utf8mb4 COLLATE=utf8mb4_general_ci;
/*!40101 SET character_set_client = @saved_cs_client */;

--
-- Dumping data for table `courses`
--

LOCK TABLES `courses` WRITE;
/*!40000 ALTER TABLE `courses` DISABLE KEYS */;
INSERT INTO `courses` VALUES (1,'PTH03115',1,'K61',1,'gv01','2020-09-02 10:02:03','','2020-09-02 17:02:14');
/*!40000 ALTER TABLE `courses` ENABLE KEYS */;
UNLOCK TABLES;

--
-- Table structure for table `departments`
--

DROP TABLE IF EXISTS `departments`;
/*!40101 SET @saved_cs_client     = @@character_set_client */;
/*!50503 SET character_set_client = utf8mb4 */;
CREATE TABLE `departments` (
  `id` int NOT NULL AUTO_INCREMENT,
  `department_code` varchar(5) COLLATE utf8mb4_general_ci NOT NULL,
  `department_name` varchar(100) CHARACTER SET utf8mb4 COLLATE utf8mb4_0900_ai_ci NOT NULL,
  PRIMARY KEY (`id`),
  UNIQUE KEY `department_code` (`department_code`)
) ENGINE=InnoDB AUTO_INCREMENT=4 DEFAULT CHARSET=utf8mb4 COLLATE=utf8mb4_general_ci;
/*!40101 SET character_set_client = @saved_cs_client */;

--
-- Dumping data for table `departments`
--

LOCK TABLES `departments` WRITE;
/*!40000 ALTER TABLE `departments` DISABLE KEYS */;
INSERT INTO `departments` VALUES (1,'TH01','Khoa học máy tính'),(2,'TH02','Công nghệ phần mềm'),(3,'TH03','Toán - Tin ứng dụng');
/*!40000 ALTER TABLE `departments` ENABLE KEYS */;
UNLOCK TABLES;

--
-- Table structure for table `functions`
--

DROP TABLE IF EXISTS `functions`;
/*!40101 SET @saved_cs_client     = @@character_set_client */;
/*!50503 SET character_set_client = utf8mb4 */;
CREATE TABLE `functions` (
  `id` int NOT NULL AUTO_INCREMENT,
  `function_name` varchar(100) CHARACTER SET utf8mb4 COLLATE utf8mb4_0900_ai_ci NOT NULL,
  `action_code` varchar(50) COLLATE utf8mb4_general_ci NOT NULL,
  `function_description` text COLLATE utf8mb4_general_ci,
  PRIMARY KEY (`id`),
  UNIQUE KEY `action_code` (`action_code`)
) ENGINE=InnoDB AUTO_INCREMENT=38 DEFAULT CHARSET=utf8mb4 COLLATE=utf8mb4_general_ci;
/*!40101 SET character_set_client = @saved_cs_client */;

--
-- Dumping data for table `functions`
--

LOCK TABLES `functions` WRITE;
/*!40000 ALTER TABLE `functions` DISABLE KEYS */;
INSERT INTO `functions` VALUES (1,'Quản lý phân quyền','ROLE_MANAGEMENT',NULL),(2,'Thêm quyền','ADD_ROLE',NULL),(3,'Sửa quyền','EDIT_ROLE',NULL),(4,'Xoá quyền','DELETE_ROLE',NULL),(5,'Quản lý bộ môn','DEPARTMENT_MANAGEMENT',NULL),(6,'Thêm bộ môn','ADD_DEPARTMENT',NULL),(7,'Sửa bộ môn','EDIT_DEPARTMENT',NULL),(8,'Xoá bộ môn','DELETE_DEPARTMENT',NULL),(9,'Quản lý người dùng','USER_MANAGEMENT',NULL),(10,'Thêm giảng viên','ADD_LECTURER',NULL),(11,'Sửa giảng viên','EDIT_LECTURER',NULL),(12,'Xoá giảng viên','DELETE_LECTURER',NULL),(13,'Thêm sinh viên','ADD_STUDENT',NULL),(14,'Sửa sinh viên','EDIT_STUDENT',NULL),(15,'Xoá sinh viên','DELETE_STUDENT',NULL),(16,'Quản lý môn học','SUBJECT_MANAGEMENT',NULL),(17,'Thêm môn học','ADD_SUBJECT',NULL),(18,'Sửa môn học','EDIT_SUBJECT',NULL),(19,'Xoá môn học','DELETE_SUBJECT',NULL),(20,'Quản lý năm học - học kỳ','YEAR_SEMESTER_MANAGEMENT',NULL),(21,'Thêm năm học - học kỳ','ADD_YEAR_SEMSETER',NULL),(22,'Sửa năm học - học kỳ','EDIT_YEAR_SEMSETER',NULL),(23,'Xoá năm học - học kỳ','DELETE_YEAR_SEMSETER',NULL),(24,'Quản lý lớp học phần','COURSE_MANAGEMENT',NULL),(25,'Thêm lớp học phần','ADD_COURSE',NULL),(26,'Sửa lớp học phần','EDIT_COURSE',NULL),(27,'Xoá lớp học phần','DELETE_COURSE',NULL),(28,'Quản lý thể loại','CATEGORY_MANAGEMENT',NULL),(29,'Thêm thể loại','ADD_CATEGORY',NULL),(30,'Sửa thể loại','EDIT_CATEGORY',NULL),(31,'Xoá thể loại','DELETE_CATEGORY',NULL),(32,'Quản lý đồ án','PROJECT_MANAGEMENT',NULL),(33,'Thêm đồ án','ADD_PROJECT',NULL),(34,'Sửa đồ án','EDIT_PROJECT',NULL),(35,'Xoá đồ án','DELETE_PROJECT',NULL),(36,'Kiểm duyệt đồ án','PROJECT_APPROVE',NULL),(37,'Thống kê đồ án','PROJECT_ANALYZE',NULL);
/*!40000 ALTER TABLE `functions` ENABLE KEYS */;
UNLOCK TABLES;

--
-- Table structure for table `lecturers`
--

DROP TABLE IF EXISTS `lecturers`;
/*!40101 SET @saved_cs_client     = @@character_set_client */;
/*!50503 SET character_set_client = utf8mb4 */;
CREATE TABLE `lecturers` (
  `lecturer_code` varchar(10) COLLATE utf8mb4_general_ci NOT NULL,
  `department_code` varchar(5) COLLATE utf8mb4_general_ci DEFAULT NULL,
  PRIMARY KEY (`lecturer_code`),
  KEY `department_code` (`department_code`),
  KEY `lecturer_code` (`lecturer_code`),
  CONSTRAINT `lecturers_ibfk_1` FOREIGN KEY (`lecturer_code`) REFERENCES `users` (`username`),
  CONSTRAINT `lecturers_ibfk_2` FOREIGN KEY (`department_code`) REFERENCES `departments` (`department_code`)
) ENGINE=InnoDB DEFAULT CHARSET=utf8mb4 COLLATE=utf8mb4_general_ci;
/*!40101 SET character_set_client = @saved_cs_client */;

--
-- Dumping data for table `lecturers`
--

LOCK TABLES `lecturers` WRITE;
/*!40000 ALTER TABLE `lecturers` DISABLE KEYS */;
INSERT INTO `lecturers` VALUES ('gv01','TH02'),('gv03','TH03');
/*!40000 ALTER TABLE `lecturers` ENABLE KEYS */;
UNLOCK TABLES;

--
-- Table structure for table `project_members`
--

DROP TABLE IF EXISTS `project_members`;
/*!40101 SET @saved_cs_client     = @@character_set_client */;
/*!50503 SET character_set_client = utf8mb4 */;
CREATE TABLE `project_members` (
  `id` int NOT NULL AUTO_INCREMENT,
  `student_code` varchar(10) COLLATE utf8mb4_general_ci DEFAULT NULL,
  `full_name` varchar(50) CHARACTER SET utf8mb4 COLLATE utf8mb4_0900_ai_ci DEFAULT NULL,
  `class_code` varchar(10) COLLATE utf8mb4_general_ci DEFAULT NULL,
  `project_code` varchar(10) COLLATE utf8mb4_general_ci DEFAULT NULL,
  PRIMARY KEY (`id`),
  KEY `project_code` (`project_code`),
  CONSTRAINT `project_members_ibfk_1` FOREIGN KEY (`project_code`) REFERENCES `projects` (`project_code`)
) ENGINE=InnoDB AUTO_INCREMENT=19 DEFAULT CHARSET=utf8mb4 COLLATE=utf8mb4_general_ci;
/*!40101 SET character_set_client = @saved_cs_client */;

--
-- Dumping data for table `project_members`
--

LOCK TABLES `project_members` WRITE;
/*!40000 ALTER TABLE `project_members` DISABLE KEYS */;
INSERT INTO `project_members` VALUES (1,'aaaaaaaa','aaaaaaaaaaa','aaaaaaa','01'),(2,'bbbbb','bbbbbbbbbb','bbbbbbbbb','01'),(3,'cccc','ccccccccc','cccccc','01'),(12,'611290','Nguyễn Đắc Kiên','K61CNTTP','10'),(13,'611290','Nguyễn Tuấn Mạnh','K61CNTTP','10'),(14,'01','Nguyen van A','K61CNTTP','11'),(15,'02','Nguyen van B','K61CNTTP','11'),(16,'aaaaa','aaaaaaa','aaaaaaa','20'),(17,'aaaaaaaaa','aaaaaaaaaaa','aaaaaaaaaa','test'),(18,'bbbbbb','bbbbbbbb','bbb','test');
/*!40000 ALTER TABLE `project_members` ENABLE KEYS */;
UNLOCK TABLES;

--
-- Table structure for table `projects`
--

DROP TABLE IF EXISTS `projects`;
/*!40101 SET @saved_cs_client     = @@character_set_client */;
/*!50503 SET character_set_client = utf8mb4 */;
CREATE TABLE `projects` (
  `id` int NOT NULL AUTO_INCREMENT,
  `project_code` varchar(10) COLLATE utf8mb4_general_ci NOT NULL,
  `project_name` varchar(500) CHARACTER SET utf8mb4 COLLATE utf8mb4_0900_ai_ci NOT NULL,
  `project_avatar_url` varchar(900) CHARACTER SET utf8mb4 COLLATE utf8mb4_0900_ai_ci DEFAULT NULL,
  `short_description` text COLLATE utf8mb4_general_ci,
  `detailed_description` text COLLATE utf8mb4_general_ci,
  `demo_link` varchar(900) CHARACTER SET utf8mb4 COLLATE utf8mb4_0900_ai_ci DEFAULT NULL,
  `category_code` varchar(10) COLLATE utf8mb4_general_ci DEFAULT NULL,
  `student_code` varchar(10) COLLATE utf8mb4_general_ci DEFAULT NULL,
  `course_id` int DEFAULT NULL,
  `status` int NOT NULL DEFAULT '0',
  `created_date` datetime DEFAULT CURRENT_TIMESTAMP,
  `created_by` varchar(10) COLLATE utf8mb4_general_ci DEFAULT NULL,
  `last_modified_by` varchar(10) COLLATE utf8mb4_general_ci DEFAULT NULL,
  `last_modified_date` datetime DEFAULT CURRENT_TIMESTAMP,
  PRIMARY KEY (`id`),
  UNIQUE KEY `project_code` (`project_code`),
  KEY `category_code` (`category_code`),
  KEY `student_code` (`student_code`),
  KEY `course_id` (`course_id`),
  CONSTRAINT `projects_ibfk_1` FOREIGN KEY (`category_code`) REFERENCES `categories` (`category_code`),
  CONSTRAINT `projects_ibfk_2` FOREIGN KEY (`student_code`) REFERENCES `students` (`student_code`),
  CONSTRAINT `projects_ibfk_3` FOREIGN KEY (`course_id`) REFERENCES `courses` (`id`)
) ENGINE=InnoDB AUTO_INCREMENT=14 DEFAULT CHARSET=utf8mb4 COLLATE=utf8mb4_general_ci;
/*!40101 SET character_set_client = @saved_cs_client */;

--
-- Dumping data for table `projects`
--

LOCK TABLES `projects` WRITE;
/*!40000 ALTER TABLE `projects` DISABLE KEYS */;
INSERT INTO `projects` VALUES (4,'P01','Do an',NULL,'Accessibility- One can use it anywhere after installing Postman into the device by simply logging in to the account.\nUse Collections-Postman allows users to build collections for their API-calls. Every set can create multiple requests and subfolders. It will help to organize the test suites.\nTest development- To test checkpoints, verification of successful HTTP response status shall be added to every API- calls.\nAutomation Testing-Tests can be performed in several repetitions or iterations by using the Collection Runner or Newman, which saves time for repeated tests.\nCreating Environments- The design of multiple environments results in less replication of tests as one can use the same collection but for a different setting.\nDebugging- To effectively debug the tests, the postman console helps to track what data is being retrieved.\nCollaboration- You can import or export collections and environments to enhance the sharing of files. You may also use a direct connection to share the collections.\nContinuous integration-It can support continuous integration.','<div id=\"test\"><div id=\"_adr_abp_container_1\" data-section=\"5d6c54e7fca6e36ecadad929a7f15d3a\" data-packetid=\"00000001-31c43bb7-7480-468e-97c7-1cfb7fe04662\" class=\"_adr_abp_container\" style=\"font-family: &quot;Times New Roman&quot;; font-size: medium; clear: both; width: 728px; height: 104px; margin: 10px auto 20px;\"><br class=\"Apple-interchange-newline\"><iframe name=\"5d6c54e7fca6e36ecadad929a7f15d3a\" id=\"iframe-ad-container-5d6c54e7fca6e36ecadad929a7f15d3a\" src=\"https://delivery.adrecover.com/recover.html#packetId=00000001-31c43bb7-7480-468e-97c7-1cfb7fe04662&amp;url=https%3A%2F%2Fwww.javatpoint.com%2Fpostman&amp;siteId=37784&amp;pageGroup=POST_ADRECOVER_0&amp;removeStaticAds=false&amp;isByod=false&amp;height=90&amp;width=728&amp;networkProps=[{%22isInIframe%22:true,%22name%22:%22headerBidding%22,%22floorPrice%22:%220.15%22,%22isEnabled%22:true,%22criteo%22:{%22name%22:%22criteo%22,%22zoneId%22:%221474325%22},%22oftmedia%22:{%22name%22:%22oftmedia%22,%22placementId%22:%2214595953%22},%22appnexus%22:{%22name%22:%22appnexus%22,%22placementId%22:%2220042668%22},%22openx%22:{%22name%22:%22openx%22,%22unit%22:%22541209178%22},%22districtm%22:{%22name%22:%22districtm%22,%22placementId%22:%2217042212%22},%22ix%22:{%22name%22:%22ix%22,%22siteId%22:%22371857%22},%22rubicon%22:{%22name%22:%22rubicon%22,%22accountId%22:%2220616%22,%22zoneId%22:%221411718%22,%22siteId%22:%22282370%22},%22pubmatic%22:{%22name%22:%22pubmatic%22,%22publisherId%22:%22158261%22,%22adSlot%22:%222240712%22},%22adyoulike%22:{%22name%22:%22adyoulike%22,%22placement%22:%2211f2e4784f1650f480acf178285229be%22},%22sovrn%22:{%22name%22:%22sovrn%22,%22tagid%22:%22656913%22},%22rhythmone%22:{%22name%22:%22rhythmone%22,%22placementId%22:%22211745%22}},{%22isInIframe%22:true,%22adSlot%22:%225884535278%22,%22name%22:%22vCommission%22,%22pubId%22:%22ca-pub-3191894791526522%22,%22isEnabled%22:true}]&amp;referrer=https%3A%2F%2Fwww.javatpoint.com%2F&amp;pubEmailMd5=e224c2b5124a33f1f8d127266731a85e\" scrolling=\"no\" style=\"width: 728px; height: 90px; margin: 0px; padding: 0px; border-width: initial; border-style: none; display: block;\"></iframe></div><div class=\"onlycontentinner\" style=\"font-family: &quot;Times New Roman&quot;; font-size: medium;\"><div id=\"city\" style=\"font-variant-numeric: normal; font-variant-east-asian: normal; font-stretch: normal; font-size: 13px; line-height: 1.5; font-family: Verdana, Arial, sans-serif; margin-left: 0px;\"><table style=\"width: 878px;\"><tbody><tr><td style=\"font-variant-numeric: normal; font-variant-east-asian: normal; font-stretch: normal; line-height: 23px; font-family: verdana, helvetica, arial, sans-serif; margin-left: 20px;\"><div id=\"bottomnextup\"><a class=\"next\" href=\"https://www.javatpoint.com/postman-installation-and-updates\" style=\"color: rgb(255, 255, 255); font-variant-numeric: normal; font-variant-east-asian: normal; font-weight: 700; font-stretch: normal; line-height: 1.5; font-family: &quot;times new roman&quot;; padding: 6px 25px; background-color: rgb(139, 195, 74); float: right; margin-left: 7px;\">next →</a></div><h1 class=\"h1\" style=\"line-height: 1.3em; margin-top: 5px; font-family: erdana, helvetica, arial, sans-serif; font-size: 29px; color: rgb(97, 11, 56);\">Postman Tutorial</h1><img src=\"https://static.javatpoint.com/tutorial/postman/images/postman-tutorial.png\" class=\"imageright\" alt=\"Postman Tutorial\" style=\"max-width: 100%; height: auto; margin-left: 20px; float: right;\"><p>Postman is one of the most popular software testing tools which is used for API testing. With the help of this tool, developers can easily create, test, share, and document APIs.</p><p>This tutorial will help in understanding why Postman is so famous and what makes it unique when compared to other API testing tools. All the examples in this tutorial are tested and can be imported in Postman.</p><h2 class=\"h2\" style=\"line-height: 1.3em; font-family: erdana, helvetica, arial, sans-serif; color: rgb(97, 11, 56); font-size: 25px;\">Introduction to Postman</h2><ul class=\"points\" style=\"list-style: circle; font-variant-numeric: normal; font-variant-east-asian: normal; font-stretch: normal; line-height: normal;\"><li style=\"padding: 0.2em; line-height: 21px; margin-top: 4px;\">Postman is a standalone software testing API (Application Programming Interface) platform to build, test, design, modify, and document APIs. It is a simple Graphic User Interface for sending and viewing HTTP requests and responses.</li><li style=\"padding: 0.2em; line-height: 21px; margin-top: 4px;\">While using Postman, for testing purposes, one doesn\'t need to write any HTTP client network code. Instead, we build test suites called collections and let Postman interact with the API.</li><li style=\"padding: 0.2em; line-height: 21px; margin-top: 4px;\">In this tool, nearly any functionality that any developer may need is embedded. This tool has the ability to make various types of HTTP requests like GET, POST, PUT, PATCH, and convert the API to code for languages like JavaScript and Python.</li></ul><h2 class=\"h2\" style=\"line-height: 1.3em; font-family: erdana, helvetica, arial, sans-serif; color: rgb(97, 11, 56); font-size: 25px;\">Terminologies Related to Postman</h2><h3 class=\"h3\" style=\"line-height: 1.3em; font-family: erdana, helvetica, arial, sans-serif; color: rgb(97, 11, 75); font-size: 21px;\">API</h3><p>Application Programming Interface (API) is software that acts as an intermediary for two apps to communicate with each other. We use APIs whenever we use an application like Twitter, Facebook, sending text messages, or checking the weather over the phone.</p><h3 class=\"h3\" style=\"line-height: 1.3em; font-family: erdana, helvetica, arial, sans-serif; color: rgb(97, 11, 75); font-size: 21px;\">HTTP</h3><p>HTTP (Hypertext Transfer Protocol) is the collection of rules for the transmission of data on the World Wide Web, like graphic images, text, video, sound, and other multimedia data. The Web users implicitly make use of HTTP as soon as they open their Web browser.</p><p>Example: A user or browser enters the HTTP request to the server; the server then returns the user response. This response includes the request status information and may consist of the requested material as well.</p><p>The most commonly used HTTP methods are GET, POST, PUT, PATCH, HEAD, DELETE, and OPTIONS.</p><h2 class=\"h2\" style=\"line-height: 1.3em; font-family: erdana, helvetica, arial, sans-serif; color: rgb(97, 11, 56); font-size: 25px;\">Why use Postman?</h2><p>Postman is based on a wide range of extremely user-friendly power tools. For more than 8 million users, Postman has become a tool of convenience. Following are the reasons why Postman is used:</p><ol class=\"points\"><li style=\"padding: 0.2em; line-height: 21px; margin-top: 4px;\"><strong style=\"color: rgba(0, 0, 0, 0.75);\">Accessibility-</strong>&nbsp;One can use it anywhere after installing Postman into the device by simply logging in to the account.</li><li style=\"padding: 0.2em; line-height: 21px; margin-top: 4px;\"><strong style=\"color: rgba(0, 0, 0, 0.75);\">Use Collections</strong>-Postman allows users to build collections for their API-calls. Every set can create multiple requests and subfolders. It will help to organize the test suites.</li><li style=\"padding: 0.2em; line-height: 21px; margin-top: 4px;\"><strong style=\"color: rgba(0, 0, 0, 0.75);\">Test development-</strong>&nbsp;To test checkpoints, verification of successful HTTP response status shall be added to every API- calls.</li><li style=\"padding: 0.2em; line-height: 21px; margin-top: 4px;\"><strong style=\"color: rgba(0, 0, 0, 0.75);\">Automation Testing-</strong>Tests can be performed in several repetitions or iterations by using the Collection Runner or Newman, which saves time for repeated tests.</li><li style=\"padding: 0.2em; line-height: 21px; margin-top: 4px;\"><strong style=\"color: rgba(0, 0, 0, 0.75);\">Creating Environments-</strong>&nbsp;The design of multiple environments results in less replication of tests as one can use the same collection but for a different setting.</li><li style=\"padding: 0.2em; line-height: 21px; margin-top: 4px;\"><strong style=\"color: rgba(0, 0, 0, 0.75);\">Debugging-</strong>&nbsp;To effectively debug the tests, the postman console helps to track what data is being retrieved.</li><li style=\"padding: 0.2em; line-height: 21px; margin-top: 4px;\"><strong style=\"color: rgba(0, 0, 0, 0.75);\">Collaboration-</strong>&nbsp;You can import or export collections and environments to enhance the sharing of files. You may also use a direct connection to share the collections.</li><li style=\"padding: 0.2em; line-height: 21px; margin-top: 4px;\"><strong style=\"color: rgba(0, 0, 0, 0.75);\">Continuous integration-</strong>It can support continuous integration.</li></ol><h2 class=\"h2\" style=\"line-height: 1.3em; font-family: erdana, helvetica, arial, sans-serif; color: rgb(97, 11, 56); font-size: 25px;\">Prerequisites</h2><p>Before proceeding with this tutorial, you should have a basic knowledge of API, automation, and manual testing.</p><h2 class=\"h2\" style=\"line-height: 1.3em; font-family: erdana, helvetica, arial, sans-serif; color: rgb(97, 11, 56); font-size: 25px;\">Audience</h2><p>This tutorial is created for those who would like to learn the basics of Postman. As the number of web and mobile applications is increasing, the importance of API testing is also growing. So this tutorial will help you to learn postman testing for testing APIs.</p><p>After completion of this tutorial, you will get a basic level of understanding of Postman and API testing. This tutorial will also give you a good understanding of how to use Postman to execute APIs for any given URL for your daily work.</p><h2 class=\"h2\" style=\"line-height: 1.3em; font-family: erdana, helvetica, arial, sans-serif; color: rgb(97, 11, 56); font-size: 25px;\">Problems</h2><p>We assure you that you will not find any difficulty while learning our Postman tutorial. But if there is any mistake in this tutorial, kindly post the problem or error in the contact form so that we can improve it.</p></td></tr></tbody></table></div></div></div>',NULL,'TL01','611292',1,0,'2020-09-02 17:05:15','kien','kien','2020-09-02 17:05:15'),(8,'01','do an 01',NULL,'test','test','https://www.javatpoint.com/adobe-illustrator-drawing','TL01','611293',1,1,'2020-09-03 17:05:09',NULL,NULL,'2020-09-03 17:05:09'),(9,'02','Đồ án 02',NULL,'\nnext →← prev\nColor Management in Adobe Illustrator\nIn Adobe Illustrator, a color management system used to reconciles the color differences between the different devices. It allows us to accurately view colors and make sound color decisions throughout our workflow, from digital capture to final output.\n\nA color management system is a solution to have system that interprets and translates color accurately between devices. It compares the color space in which a color was created to the color space in which the same color will be output. It also makes the necessary adjustments to represent the color as consistently as possible among number of devices. It translates colors with the help of color profiles.\n\nAdobe color management uses ICC profiles which is a format defined by the International Color Consortium.','<table style=\"width: 878px; font-family: Verdana, Arial, sans-serif; font-size: 13px;\"><tbody><tr><td style=\"font-variant-numeric: normal; font-variant-east-asian: normal; font-stretch: normal; line-height: 23px; font-family: verdana, helvetica, arial, sans-serif; margin-left: 20px;\"><div id=\"bottomnextup\"><a class=\"next\" href=\"https://www.javatpoint.com/painting-in-adobe-illustrator\" style=\"color: rgb(255, 255, 255); text-decoration: none; font-variant-numeric: normal; font-variant-east-asian: normal; font-weight: 700; font-stretch: normal; line-height: 1.5; font-family: &quot;times new roman&quot;; padding: 6px 25px; background-color: rgb(139, 195, 74); float: right; margin-left: 7px;\">next →</a><a class=\"next\" href=\"https://www.javatpoint.com/color-in-adobe-illustrator\" style=\"color: rgb(255, 255, 255); text-decoration: none; font-variant-numeric: normal; font-variant-east-asian: normal; font-weight: 700; font-stretch: normal; line-height: 1.5; font-family: &quot;times new roman&quot;; padding: 6px 25px; background-color: rgb(139, 195, 74); float: right; margin-left: 7px;\">← prev</a></div><h1 class=\"h1\" style=\"line-height: 1.3em; margin-top: 5px; font-family: erdana, helvetica, arial, sans-serif; font-size: 29px; color: rgb(97, 11, 56);\">Color Management in Adobe Illustrator</h1><p>In Adobe Illustrator, a color management system used to reconciles the color differences between the different devices. It allows us to accurately view colors and make sound color decisions throughout our workflow, from digital capture to final output.</p><p>A color management system is a solution to have system that interprets and translates color accurately between devices. It compares the color space in which a color was created to the color space in which the same color will be output. It also makes the necessary adjustments to represent the color as consistently as possible among number of devices. It translates colors with the help of&nbsp;<em>color profiles</em>.</p><p>Adobe color management uses ICC profiles which is a format defined by the International Color Consortium.</p><h3 class=\"h3\" style=\"line-height: 1.3em; font-family: erdana, helvetica, arial, sans-serif; color: rgb(97, 11, 75); font-size: 21px;\">Steps for producing consistent color</h3><p><strong style=\"color: rgba(0, 0, 0, 0.75);\">Step 1:</strong>&nbsp;We need to discuss to our production partner (if any) that how the color workflow will be integrated with our workgroups and service provider. We should discuss how the software and hardware will be configured for integration into the color management system.</p><p><strong style=\"color: rgba(0, 0, 0, 0.75);\">Step 2:</strong>&nbsp;We need to calibrate and profile our monitor. The correct color visualisation is essential if we are making creative decision that involves the color we specify in our document.</p><p><strong style=\"color: rgba(0, 0, 0, 0.75);\">Step 3:</strong>&nbsp;We can add color profiles to our system for any input and output devices that we plan to use. For example - scanner and printer.</p><p><strong style=\"color: rgba(0, 0, 0, 0.75);\">Step 4:</strong>&nbsp;Now, we need to setup color management in Adobe applications.</p><p><strong style=\"color: rgba(0, 0, 0, 0.75);\">Step 5:</strong>&nbsp;When we done creating a document, we can use a soft proof to preview how the color will look when printed or viewed on a specific device.</p><p><strong style=\"color: rgba(0, 0, 0, 0.75);\">Step 6:</strong>&nbsp;Finally, using the color management when printing and saving files.</p><h3 class=\"h3\" style=\"line-height: 1.3em; font-family: erdana, helvetica, arial, sans-serif; color: rgb(97, 11, 75); font-size: 21px;\">Synchronising color setting across Adobe application</h3><p>A warning message will appear, if the color setting will not be synchronised. It is recommended that we synchronize color settings before we work with new or existing documents.</p><p><strong style=\"color: rgba(0, 0, 0, 0.75);\">Step 1:</strong>&nbsp;Open Adobe Bridge.</p><p><strong style=\"color: rgba(0, 0, 0, 0.75);\">Step 2:</strong>&nbsp;Now, go to Edit menu then click on the Creative Suite Color Settings from the dropdown menu.</p><p><strong style=\"color: rgba(0, 0, 0, 0.75);\">Step 3:</strong>&nbsp;After that select the color settings from the list and then click Apply.</p><h3 class=\"h3\" style=\"line-height: 1.3em; font-family: erdana, helvetica, arial, sans-serif; color: rgb(97, 11, 75); font-size: 21px;\">Setting up Color Management in Adobe Illustrator</h3><p><strong style=\"color: rgba(0, 0, 0, 0.75);\">Step 1:</strong>&nbsp;Open&nbsp;<a href=\"https://www.javatpoint.com/adobe-illustrator\" style=\"color: green; text-decoration: none;\">Adobe Illustrator</a>.</p><p><strong style=\"color: rgba(0, 0, 0, 0.75);\">Step 2:</strong>&nbsp;Go to the edit menu then click on Color setting from the drop-down list.</p><img src=\"https://static.javatpoint.com/tutorial/adobe-illustrator/images/color-management-in-adobe-illustrator.png\" alt=\"Color Management in Adobe Illustrator\" style=\"max-width: 100%; height: auto;\"><p><strong style=\"color: rgba(0, 0, 0, 0.75);\">Step 3:</strong>&nbsp;Now, the color setting dialogue box will appear. Select a color setting and click OK.</p><img src=\"https://static.javatpoint.com/tutorial/adobe-illustrator/images/color-management-in-adobe-illustrator2.png\" alt=\"Color Management in Adobe Illustrator\" style=\"max-width: 100%; height: auto;\"><p>It will determine that what color working space are used by the application and what happens when we open and import files with embedded profiles.</p><h3 class=\"h3\" style=\"line-height: 1.3em; font-family: erdana, helvetica, arial, sans-serif; color: rgb(97, 11, 75); font-size: 21px;\">Change the appearance of CMYK black</h3><p>The pure CMYK black appeared as jet black when we see it on the screen, exported to an RGB file format, or printed to a non-PostScript desktop printer.</p><p><strong style=\"color: rgba(0, 0, 0, 0.75);\">Step 1:</strong>&nbsp;Go to edit menu, then click on preferences from the drop-down list.</p><p><strong style=\"color: rgba(0, 0, 0, 0.75);\">Step 2:</strong>&nbsp;When you hover over preferences another list will appear, then click on Appearance Of Black.</p><img src=\"https://static.javatpoint.com/tutorial/adobe-illustrator/images/color-management-in-adobe-illustrator3.png\" alt=\"Color Management in Adobe Illustrator\" style=\"max-width: 100%; height: auto;\"><p><strong style=\"color: rgba(0, 0, 0, 0.75);\">Step 3:</strong>&nbsp;Choose an option for On Screen from the Appearance of Black dialogue box:</p><img src=\"https://static.javatpoint.com/tutorial/adobe-illustrator/images/color-management-in-adobe-illustrator4.png\" alt=\"Color Management in Adobe Illustrator\" style=\"max-width: 100%; height: auto;\"><ul class=\"points\" style=\"list-style: circle; font-variant-numeric: normal; font-variant-east-asian: normal; font-stretch: normal; line-height: normal;\"><li style=\"padding: 0.2em; line-height: 21px; margin-top: 4px;\"><strong style=\"color: rgba(0, 0, 0, 0.75);\">Display All Blacks Accurately:</strong>&nbsp;It will display the pure CMYK black as dark gray. It allows us to differentiate between pure black and rich black.</li><li style=\"padding: 0.2em; line-height: 21px; margin-top: 4px;\"><strong style=\"color: rgba(0, 0, 0, 0.75);\">Display All Black As Rich Black:</strong>&nbsp;It displays the pure CMYK black as Jet black. It makes pure black and rich black appear same on the screen.</li></ul><p><strong style=\"color: rgba(0, 0, 0, 0.75);\">Step 4:</strong>&nbsp;Now, choose an option for printing/exporting then click OK.</p><h3 class=\"h3\" style=\"line-height: 1.3em; font-family: erdana, helvetica, arial, sans-serif; color: rgb(97, 11, 75); font-size: 21px;\">Color Management for imported images</h3><ul class=\"points\" style=\"list-style: circle; font-variant-numeric: normal; font-variant-east-asian: normal; font-stretch: normal; line-height: normal;\"><li style=\"padding: 0.2em; line-height: 21px; margin-top: 4px;\"><strong style=\"color: rgba(0, 0, 0, 0.75);\">Use a safe CMYK workflow:</strong>&nbsp;The CMYK color numbers are preserved all the way to find the final output by a safe CMYK workflow. It is beneficial in case we want to incrementally adopt color management practice. The application ignores the profile and preserves the raw color numbers when we open or import image with an embedded profile.</li><li style=\"padding: 0.2em; line-height: 21px; margin-top: 4px;\"><strong style=\"color: rgba(0, 0, 0, 0.75);\">Preparing imported graphic for color management:</strong>&nbsp;We need to embed an ICC-compliant profile when we save the file. JPEG, PDF, PSD, AI, INDD, Photoshop EPS, Large Document Format and TIFF are the file formats that are supported by the embedded profiles. In case, we want to reuse a color graphic for multiple final output devices or media. For example- print, video, and the web then we prepare the graphic using RGB or Lab colors whenever possible.</li></ul><h3 class=\"h3\" style=\"line-height: 1.3em; font-family: erdana, helvetica, arial, sans-serif; color: rgb(97, 11, 75); font-size: 21px;\">Color proofing in Illustrator</h3><p>Soft-proofing: We can use the precision of color profiles to soft-proof our document directly on the monitor to see how the color will look alike on a specific output device.</p><img src=\"https://static.javatpoint.com/tutorial/adobe-illustrator/images/color-management-in-adobe-illustrator5.png\" alt=\"Color Management in Adobe Illustrator\" style=\"max-width: 100%; height: auto;\"><p><strong style=\"color: rgba(0, 0, 0, 0.75);\">Step 1:</strong>&nbsp;Click on the view menu, then click on the Proof setup from the drop-down list.</p><img src=\"https://static.javatpoint.com/tutorial/adobe-illustrator/images/color-management-in-adobe-illustrator6.png\" alt=\"Color Management in Adobe Illustrator\" style=\"max-width: 100%; height: auto;\"><p><strong style=\"color: rgba(0, 0, 0, 0.75);\">Step 2:</strong>&nbsp;Click on the view menu then go to the Proof colors to toggle the soft-proof display on and off.</p><h3 class=\"h3\" style=\"line-height: 1.3em; font-family: erdana, helvetica, arial, sans-serif; color: rgb(97, 11, 75); font-size: 21px;\">Save or Load a custom proof setup</h3><p><strong style=\"color: rgba(0, 0, 0, 0.75);\">Step 1:</strong>&nbsp;Go to View menu and click on proof setup from the drop-down list.</p><p><strong style=\"color: rgba(0, 0, 0, 0.75);\">Step 2:</strong>&nbsp;After that, click on the custom option from the child drop-down menu.</p><p><strong style=\"color: rgba(0, 0, 0, 0.75);\">Step 3:</strong>&nbsp;Now you have two option:</p><ul class=\"points\" style=\"list-style: circle; font-variant-numeric: normal; font-variant-east-asian: normal; font-stretch: normal; line-height: normal;\"><li style=\"padding: 0.2em; line-height: 21px; margin-top: 4px;\">Click on save to save a custom proof setup to ensure that the new preset appears in the View → proof setup menu</li><li style=\"padding: 0.2em; line-height: 21px; margin-top: 4px;\">Click on load to load a custom proof setup.</li></ul><h3 class=\"h3\" style=\"line-height: 1.3em; font-family: erdana, helvetica, arial, sans-serif; color: rgb(97, 11, 75); font-size: 21px;\">Color profiles in Adobe Illustrator</h3><p>A color management system consists of the following profiles:</p><p><strong style=\"color: rgba(0, 0, 0, 0.75);\">Monitor profiles:</strong>&nbsp;The monitor profile helps you to maintain color consistency inside your document by deciding the accurate design process.</p><p><strong style=\"color: rgba(0, 0, 0, 0.75);\">Input device profiles:</strong>&nbsp;It describes the color profiles of your input devices like camera, scanner, etc. You can select the Adobe profile in your input device if you input device supports profile selection option.</p><p><strong style=\"color: rgba(0, 0, 0, 0.75);\">Output device profiles:</strong>&nbsp;The output device profile describes the color space of the output device such as desktop printers or a printing press. It considered specific printing conditions, such as the type of paper and ink.</p><p><strong style=\"color: rgba(0, 0, 0, 0.75);\">Document profiles:</strong>&nbsp;It defines the specific RGB or CMYK color space of a document. It assigns or tags a document with a profile that the application provides a definition of actual color appearance in the document. Such as: R=127, G=12, B=107. It is just a set of numbers that are differently displayed on different devices.</p><h3 class=\"h3\" style=\"line-height: 1.3em; font-family: erdana, helvetica, arial, sans-serif; color: rgb(97, 11, 75); font-size: 21px;\">Installing a color profile in illustrator</h3><p>When device is added to our computer, we can install the color profiles. We can get the related device profile from the from our device manufacturer, we can download it from the web, or we can create custom profiles using professional profiling equipment.</p><p><strong style=\"color: rgba(0, 0, 0, 0.75);\">Step 1:</strong>&nbsp;Download the profile from the web.</p><p><strong style=\"color: rgba(0, 0, 0, 0.75);\">Step 2:</strong>&nbsp;Then go to the file explorer, then right-click on a profile and select Install Profile.</p><p><strong style=\"color: rgba(0, 0, 0, 0.75);\">Step 3:</strong>&nbsp;Or, you can copy the profiles into the WINDOWS\\system32\\spool\\drivers\\ color folder or the WINNT\\system32\\spool\\drivers\\color folder.</p><img src=\"https://static.javatpoint.com/tutorial/adobe-illustrator/images/color-management-in-adobe-illustrator7.png\" alt=\"Color Management in Adobe Illustrator\" style=\"max-width: 100%; height: auto;\"><p><strong style=\"color: rgba(0, 0, 0, 0.75);\">Step 4:</strong>&nbsp;Restart the Adobe Illustrator after installation to apply the changes.</p><h3 class=\"h3\" style=\"line-height: 1.3em; font-family: erdana, helvetica, arial, sans-serif; color: rgb(97, 11, 75); font-size: 21px;\">Calibrate and profile monitor in Illustrator</h3><p>We should calibrate our monitor to adjust according to the specification. The profile utility will allow us to save a color profile once it is calibrated.</p><p><strong style=\"color: rgba(0, 0, 0, 0.75);\">Step 1:</strong>&nbsp;Turn on your monitor and left it running for at least half hour. It gives the monitor a sufficient time to warm up and produce more consistent output.</p><p><strong style=\"color: rgba(0, 0, 0, 0.75);\">Step 2:</strong>&nbsp;You need to take care of that your monitor is displaying thousands of colors or more. Ideally your monitor should display 24-bit or higher color.</p><p><strong style=\"color: rgba(0, 0, 0, 0.75);\">Step 3:</strong>&nbsp;The colorful background pattern should be removed from you monitor and set you monitor to display neutral grays.</p><p><strong style=\"color: rgba(0, 0, 0, 0.75);\">Step 4:</strong>&nbsp;Now, you need to install and use a monitor calibration utility.</p><img src=\"https://static.javatpoint.com/tutorial/adobe-illustrator/images/color-management-in-adobe-illustrator8.png\" alt=\"Color Management in Adobe Illustrator\" style=\"max-width: 100%; height: auto;\"><p>Such profiling software can automatically assign the updated profile as the default monitor profiles.</p><h3 class=\"h3\" style=\"line-height: 1.3em; font-family: erdana, helvetica, arial, sans-serif; color: rgb(97, 11, 75); font-size: 21px;\">Embed color profile in Illustrator</h3><p>We must have to export the document in the format that supports ICC profile to embed a color profile in a document we create in Adobe illustrator.</p><p><strong style=\"color: rgba(0, 0, 0, 0.75);\">Step 1:</strong>&nbsp;You have to save the created document in any of the following file format: Adobe&nbsp;<a href=\"https://www.javatpoint.com/pdf-full-form\" style=\"color: green; text-decoration: none;\">PDF</a>, PSD, AI, INDD, JPEG, Photoshop EPS, Large Document Format, or TIFF.</p><p><strong style=\"color: rgba(0, 0, 0, 0.75);\">Step 2:</strong>&nbsp;Now, select the option for embedding ICC profiles. It varies between applications.</p><h3 class=\"h3\" style=\"line-height: 1.3em; font-family: erdana, helvetica, arial, sans-serif; color: rgb(97, 11, 75); font-size: 21px;\">Assign or remove a color profile in Adobe Illustrator</h3><p><strong style=\"color: rgba(0, 0, 0, 0.75);\">Step 1:</strong>&nbsp;Click on Edit menu, then a drop-down menu will appear.</p><p><strong style=\"color: rgba(0, 0, 0, 0.75);\">Step 2:</strong>&nbsp;Now, from the drop-down menu, click on Assign profile.</p><p><strong style=\"color: rgba(0, 0, 0, 0.75);\">Step 3:</strong>&nbsp;After that, select a profile from the Assign profile dialogue box.</p><p><strong style=\"color: rgba(0, 0, 0, 0.75);\">Step 4:</strong>&nbsp;For each type of graphic in your document, select a rendering option.</p><p><strong style=\"color: rgba(0, 0, 0, 0.75);\">Step 5:</strong>&nbsp;Select preview to see the preview of the effect for the new profile assignment in the document. Then click OK.</p><h3 class=\"h3\" style=\"line-height: 1.3em; font-family: erdana, helvetica, arial, sans-serif; color: rgb(97, 11, 75); font-size: 21px;\">Color Management policy in Adobe Illustrator</h3></td></tr></tbody></table>','https://www.javatpoint.com/color-management-in-adobe-illustrator','TL02','611293',1,1,'2020-09-04 09:40:24','admin',NULL,'2020-09-04 09:40:24'),(10,'10','Đồ án trưng bày',NULL,'Preserve Numbers: It is available in Illustrator and InDesign as well for CMYK. It preserves the color numbers when opening files and importing images, but still it allows us to use color management to view colors accurately in Adobe applications.\nOff: It ignore the embedded color profiles when we open the files and imports the images.\nProfile Mismatches: It displays a message when we opening the document tagged with a profile other than the current working space. The policy\'s default behaviour can be override using the given option. You can select this option; in case you want to ensure the appropriate color management of pasted colors on a case-by-case basis.\n\nProfile Mismatches: It displays a message whenever the profile mismatches occur as color are imported into a document through dragging-and-dropping or pasting.','<h1 class=\"h1\" style=\"line-height: 1.3em; margin-top: 5px; font-family: erdana, helvetica, arial, sans-serif; font-size: 29px; color: rgb(97, 11, 56);\">Color Management in Adobe Illustrator</h1><p style=\"font-family: verdana, helvetica, arial, sans-serif; font-size: 13px;\">In Adobe Illustrator, a color management system used to reconciles the color differences between the different devices. It allows us to accurately view colors and make sound color decisions throughout our workflow, from digital capture to final output.</p><p style=\"font-family: verdana, helvetica, arial, sans-serif; font-size: 13px;\">A color management system is a solution to have system that interprets and translates color accurately between devices. It compares the color space in which a color was created to the color space in which the same color will be output. It also makes the necessary adjustments to represent the color as consistently as possible among number of devices. It translates colors with the help of&nbsp;<em>color profiles</em>.</p><p style=\"font-family: verdana, helvetica, arial, sans-serif; font-size: 13px;\">Adobe color management uses ICC profiles which is a format defined by the International Color Consortium.</p><h3 class=\"h3\" style=\"line-height: 1.3em; font-family: erdana, helvetica, arial, sans-serif; color: rgb(97, 11, 75); font-size: 21px;\">Steps for producing consistent color</h3><p style=\"font-family: verdana, helvetica, arial, sans-serif; font-size: 13px;\"><strong style=\"color: rgba(0, 0, 0, 0.75);\">Step 1:</strong>&nbsp;We need to discuss to our production partner (if any) that how the color workflow will be integrated with our workgroups and service provider. We should discuss how the software and hardware will be configured for integration into the color management system.</p><p style=\"font-family: verdana, helvetica, arial, sans-serif; font-size: 13px;\"><strong style=\"color: rgba(0, 0, 0, 0.75);\">Step 2:</strong>&nbsp;We need to calibrate and profile our monitor. The correct color visualisation is essential if we are making creative decision that involves the color we specify in our document.</p><p style=\"font-family: verdana, helvetica, arial, sans-serif; font-size: 13px;\"><strong style=\"color: rgba(0, 0, 0, 0.75);\">Step 3:</strong>&nbsp;We can add color profiles to our system for any input and output devices that we plan to use. For example - scanner and printer.</p><p style=\"font-family: verdana, helvetica, arial, sans-serif; font-size: 13px;\"><strong style=\"color: rgba(0, 0, 0, 0.75);\">Step 4:</strong>&nbsp;Now, we need to setup color management in Adobe applications.</p><p style=\"font-family: verdana, helvetica, arial, sans-serif; font-size: 13px;\"><strong style=\"color: rgba(0, 0, 0, 0.75);\">Step 5:</strong>&nbsp;When we done creating a document, we can use a soft proof to preview how the color will look when printed or viewed on a specific device.</p><p style=\"font-family: verdana, helvetica, arial, sans-serif; font-size: 13px;\"><strong style=\"color: rgba(0, 0, 0, 0.75);\">Step 6:</strong>&nbsp;Finally, using the color management when printing and saving files.</p><h3 class=\"h3\" style=\"line-height: 1.3em; font-family: erdana, helvetica, arial, sans-serif; color: rgb(97, 11, 75); font-size: 21px;\">Synchronising color setting across Adobe application</h3><p style=\"font-family: verdana, helvetica, arial, sans-serif; font-size: 13px;\">A warning message will appear, if the color setting will not be synchronised. It is recommended that we synchronize color settings before we work with new or existing documents.</p><p style=\"font-family: verdana, helvetica, arial, sans-serif; font-size: 13px;\"><strong style=\"color: rgba(0, 0, 0, 0.75);\">Step 1:</strong>&nbsp;Open Adobe Bridge.</p><p style=\"font-family: verdana, helvetica, arial, sans-serif; font-size: 13px;\"><strong style=\"color: rgba(0, 0, 0, 0.75);\">Step 2:</strong>&nbsp;Now, go to Edit menu then click on the Creative Suite Color Settings from the dropdown menu.</p><p style=\"font-family: verdana, helvetica, arial, sans-serif; font-size: 13px;\"><strong style=\"color: rgba(0, 0, 0, 0.75);\">Step 3:</strong>&nbsp;After that select the color settings from the list and then click Apply.</p><h3 class=\"h3\" style=\"line-height: 1.3em; font-family: erdana, helvetica, arial, sans-serif; color: rgb(97, 11, 75); font-size: 21px;\">Setting up Color Management in Adobe Illustrator</h3><p style=\"font-family: verdana, helvetica, arial, sans-serif; font-size: 13px;\"><strong style=\"color: rgba(0, 0, 0, 0.75);\">Step 1:</strong>&nbsp;Open&nbsp;<a href=\"https://www.javatpoint.com/adobe-illustrator\" style=\"color: green; text-decoration: none;\">Adobe Illustrator</a>.</p><p style=\"font-family: verdana, helvetica, arial, sans-serif; font-size: 13px;\"><strong style=\"color: rgba(0, 0, 0, 0.75);\">Step 2:</strong>&nbsp;Go to the edit menu then click on Color setting from the drop-down list.</p><p><img src=\"https://static.javatpoint.com/tutorial/adobe-illustrator/images/color-management-in-adobe-illustrator.png\" alt=\"Color Management in Adobe Illustrator\" style=\"max-width: 100%; height: auto; font-family: verdana, helvetica, arial, sans-serif; font-size: 13px;\"><span style=\"font-family: verdana, helvetica, arial, sans-serif; font-size: 13px;\"></span></p><p style=\"font-family: verdana, helvetica, arial, sans-serif; font-size: 13px;\"><strong style=\"color: rgba(0, 0, 0, 0.75);\">Step 3:</strong>&nbsp;Now, the color setting dialogue box will appear. Select a color setting and click OK.</p><p><img src=\"https://static.javatpoint.com/tutorial/adobe-illustrator/images/color-management-in-adobe-illustrator2.png\" alt=\"Color Management in Adobe Illustrator\" style=\"max-width: 100%; height: auto; font-family: verdana, helvetica, arial, sans-serif; font-size: 13px;\"><span style=\"font-family: verdana, helvetica, arial, sans-serif; font-size: 13px;\"></span></p><p style=\"font-family: verdana, helvetica, arial, sans-serif; font-size: 13px;\">It will determine that what color working space are used by the application and what happens when we open and import files with embedded profiles.</p><h3 class=\"h3\" style=\"line-height: 1.3em; font-family: erdana, helvetica, arial, sans-serif; color: rgb(97, 11, 75); font-size: 21px;\">Change the appearance of CMYK black</h3><p style=\"font-family: verdana, helvetica, arial, sans-serif; font-size: 13px;\">The pure CMYK black appeared as jet black when we see it on the screen, exported to an RGB file format, or printed to a non-PostScript desktop printer.</p><p style=\"font-family: verdana, helvetica, arial, sans-serif; font-size: 13px;\"><strong style=\"color: rgba(0, 0, 0, 0.75);\">Step 1:</strong>&nbsp;Go to edit menu, then click on preferences from the drop-down list.</p><p style=\"font-family: verdana, helvetica, arial, sans-serif; font-size: 13px;\"><strong style=\"color: rgba(0, 0, 0, 0.75);\">Step 2:</strong>&nbsp;When you hover over preferences another list will appear, then click on Appearance Of Black.</p><p><img src=\"https://static.javatpoint.com/tutorial/adobe-illustrator/images/color-management-in-adobe-illustrator3.png\" alt=\"Color Management in Adobe Illustrator\" style=\"max-width: 100%; height: auto; font-family: verdana, helvetica, arial, sans-serif; font-size: 13px;\"><span style=\"font-family: verdana, helvetica, arial, sans-serif; font-size: 13px;\"></span></p><p style=\"font-family: verdana, helvetica, arial, sans-serif; font-size: 13px;\"><strong style=\"color: rgba(0, 0, 0, 0.75);\">Step 3:</strong>&nbsp;Choose an option for On Screen from the Appearance of Black dialogue box:</p><p><img src=\"https://static.javatpoint.com/tutorial/adobe-illustrator/images/color-management-in-adobe-illustrator4.png\" alt=\"Color Management in Adobe Illustrator\" style=\"max-width: 100%; height: auto; font-family: verdana, helvetica, arial, sans-serif; font-size: 13px;\"><span style=\"font-family: verdana, helvetica, arial, sans-serif; font-size: 13px;\"></span></p><ul class=\"points\" style=\"list-style: circle; font-variant-numeric: normal; font-variant-east-asian: normal; font-stretch: normal; font-size: 13px; line-height: normal; font-family: verdana, helvetica, arial, sans-serif;\"><li style=\"padding: 0.2em; line-height: 21px; margin-top: 4px;\"><strong style=\"color: rgba(0, 0, 0, 0.75);\">Display All Blacks Accurately:</strong>&nbsp;It will display the pure CMYK black as dark gray. It allows us to differentiate between pure black and rich black.</li><li style=\"padding: 0.2em; line-height: 21px; margin-top: 4px;\"><strong style=\"color: rgba(0, 0, 0, 0.75);\">Display All Black As Rich Black:</strong>&nbsp;It displays the pure CMYK black as Jet black. It makes pure black and rich black appear same on the screen.</li></ul><p style=\"font-family: verdana, helvetica, arial, sans-serif; font-size: 13px;\"><strong style=\"color: rgba(0, 0, 0, 0.75);\">Step 4:</strong>&nbsp;Now, choose an option for printing/exporting then click OK.</p><h3 class=\"h3\" style=\"line-height: 1.3em; font-family: erdana, helvetica, arial, sans-serif; color: rgb(97, 11, 75); font-size: 21px;\">Color Management for imported images</h3><ul class=\"points\" style=\"list-style: circle; font-variant-numeric: normal; font-variant-east-asian: normal; font-stretch: normal; font-size: 13px; line-height: normal; font-family: verdana, helvetica, arial, sans-serif;\"><li style=\"padding: 0.2em; line-height: 21px; margin-top: 4px;\"><strong style=\"color: rgba(0, 0, 0, 0.75);\">Use a safe CMYK workflow:</strong>&nbsp;The CMYK color numbers are preserved all the way to find the final output by a safe CMYK workflow. It is beneficial in case we want to incrementally adopt color management practice. The application ignores the profile and preserves the raw color numbers when we open or import image with an embedded profile.</li><li style=\"padding: 0.2em; line-height: 21px; margin-top: 4px;\"><strong style=\"color: rgba(0, 0, 0, 0.75);\">Preparing imported graphic for color management:</strong>&nbsp;We need to embed an ICC-compliant profile when we save the file. JPEG, PDF, PSD, AI, INDD, Photoshop EPS, Large Document Format and TIFF are the file formats that are supported by the embedded profiles. In case, we want to reuse a color graphic for multiple final output devices or media. For example- print, video, and the web then we prepare the graphic using RGB or Lab colors whenever possible.</li></ul><h3 class=\"h3\" style=\"line-height: 1.3em; font-family: erdana, helvetica, arial, sans-serif; color: rgb(97, 11, 75); font-size: 21px;\">Color proofing in Illustrator</h3><p style=\"font-family: verdana, helvetica, arial, sans-serif; font-size: 13px;\">Soft-proofing: We can use the precision of color profiles to soft-proof our document directly on the monitor to see how the color will look alike on a specific output device.</p><p><img src=\"https://static.javatpoint.com/tutorial/adobe-illustrator/images/color-management-in-adobe-illustrator5.png\" alt=\"Color Management in Adobe Illustrator\" style=\"max-width: 100%; height: auto; font-family: verdana, helvetica, arial, sans-serif; font-size: 13px;\"><span style=\"font-family: verdana, helvetica, arial, sans-serif; font-size: 13px;\"></span></p><p style=\"font-family: verdana, helvetica, arial, sans-serif; font-size: 13px;\"><strong style=\"color: rgba(0, 0, 0, 0.75);\">Step 1:</strong>&nbsp;Click on the view menu, then click on the Proof setup from the drop-down list.</p><p><img src=\"https://static.javatpoint.com/tutorial/adobe-illustrator/images/color-management-in-adobe-illustrator6.png\" alt=\"Color Management in Adobe Illustrator\" style=\"max-width: 100%; height: auto; font-family: verdana, helvetica, arial, sans-serif; font-size: 13px;\"><span style=\"font-family: verdana, helvetica, arial, sans-serif; font-size: 13px;\"></span></p><p style=\"font-family: verdana, helvetica, arial, sans-serif; font-size: 13px;\"><strong style=\"color: rgba(0, 0, 0, 0.75);\">Step 2:</strong>&nbsp;Click on the view menu then go to the Proof colors to toggle the soft-proof display on and off.</p><h3 class=\"h3\" style=\"line-height: 1.3em; font-family: erdana, helvetica, arial, sans-serif; color: rgb(97, 11, 75); font-size: 21px;\">Save or Load a custom proof setup</h3><p style=\"font-family: verdana, helvetica, arial, sans-serif; font-size: 13px;\"><strong style=\"color: rgba(0, 0, 0, 0.75);\">Step 1:</strong>&nbsp;Go to View menu and click on proof setup from the drop-down list.</p><p style=\"font-family: verdana, helvetica, arial, sans-serif; font-size: 13px;\"><strong style=\"color: rgba(0, 0, 0, 0.75);\">Step 2:</strong>&nbsp;After that, click on the custom option from the child drop-down menu.</p><p style=\"font-family: verdana, helvetica, arial, sans-serif; font-size: 13px;\"><strong style=\"color: rgba(0, 0, 0, 0.75);\">Step 3:</strong>&nbsp;Now you have two option:</p><ul class=\"points\" style=\"list-style: circle; font-variant-numeric: normal; font-variant-east-asian: normal; font-stretch: normal; font-size: 13px; line-height: normal; font-family: verdana, helvetica, arial, sans-serif;\"><li style=\"padding: 0.2em; line-height: 21px; margin-top: 4px;\">Click on save to save a custom proof setup to ensure that the new preset appears in the View → proof setup menu</li><li style=\"padding: 0.2em; line-height: 21px; margin-top: 4px;\">Click on load to load a custom proof setup.</li></ul><h3 class=\"h3\" style=\"line-height: 1.3em; font-family: erdana, helvetica, arial, sans-serif; color: rgb(97, 11, 75); font-size: 21px;\">Color profiles in Adobe Illustrator</h3><p style=\"font-family: verdana, helvetica, arial, sans-serif; font-size: 13px;\">A color management system consists of the following profiles:</p><p style=\"font-family: verdana, helvetica, arial, sans-serif; font-size: 13px;\"><strong style=\"color: rgba(0, 0, 0, 0.75);\">Monitor profiles:</strong>&nbsp;The monitor profile helps you to maintain color consistency inside your document by deciding the accurate design process.</p><p style=\"font-family: verdana, helvetica, arial, sans-serif; font-size: 13px;\"><strong style=\"color: rgba(0, 0, 0, 0.75);\">Input device profiles:</strong>&nbsp;It describes the color profiles of your input devices like camera, scanner, etc. You can select the Adobe profile in your input device if you input device supports profile selection option.</p><p style=\"font-family: verdana, helvetica, arial, sans-serif; font-size: 13px;\"><strong style=\"color: rgba(0, 0, 0, 0.75);\">Output device profiles:</strong>&nbsp;The output device profile describes the color space of the output device such as desktop printers or a printing press. It considered specific printing conditions, such as the type of paper and ink.</p><p style=\"font-family: verdana, helvetica, arial, sans-serif; font-size: 13px;\"><strong style=\"color: rgba(0, 0, 0, 0.75);\">Document profiles:</strong>&nbsp;It defines the specific RGB or CMYK color space of a document. It assigns or tags a document with a profile that the application provides a definition of actual color appearance in the document. Such as: R=127, G=12, B=107. It is just a set of numbers that are differently displayed on different devices.</p><h3 class=\"h3\" style=\"line-height: 1.3em; font-family: erdana, helvetica, arial, sans-serif; color: rgb(97, 11, 75); font-size: 21px;\">Installing a color profile in illustrator</h3><p style=\"font-family: verdana, helvetica, arial, sans-serif; font-size: 13px;\">When device is added to our computer, we can install the color profiles. We can get the related device profile from the from our device manufacturer, we can download it from the web, or we can create custom profiles using professional profiling equipment.</p><p style=\"font-family: verdana, helvetica, arial, sans-serif; font-size: 13px;\"><strong style=\"color: rgba(0, 0, 0, 0.75);\">Step 1:</strong>&nbsp;Download the profile from the web.</p><p style=\"font-family: verdana, helvetica, arial, sans-serif; font-size: 13px;\"><strong style=\"color: rgba(0, 0, 0, 0.75);\">Step 2:</strong>&nbsp;Then go to the file explorer, then right-click on a profile and select Install Profile.</p><p style=\"font-family: verdana, helvetica, arial, sans-serif; font-size: 13px;\"><strong style=\"color: rgba(0, 0, 0, 0.75);\">Step 3:</strong>&nbsp;Or, you can copy the profiles into the WINDOWS\\system32\\spool\\drivers\\ color folder or the WINNT\\system32\\spool\\drivers\\color folder.</p><p><img src=\"https://static.javatpoint.com/tutorial/adobe-illustrator/images/color-management-in-adobe-illustrator7.png\" alt=\"Color Management in Adobe Illustrator\" style=\"max-width: 100%; height: auto; font-family: verdana, helvetica, arial, sans-serif; font-size: 13px;\"><span style=\"font-family: verdana, helvetica, arial, sans-serif; font-size: 13px;\"></span></p><p style=\"font-family: verdana, helvetica, arial, sans-serif; font-size: 13px;\"><strong style=\"color: rgba(0, 0, 0, 0.75);\">Step 4:</strong>&nbsp;Restart the Adobe Illustrator after installation to apply the changes.</p><h3 class=\"h3\" style=\"line-height: 1.3em; font-family: erdana, helvetica, arial, sans-serif; color: rgb(97, 11, 75); font-size: 21px;\">Calibrate and profile monitor in Illustrator</h3><p style=\"font-family: verdana, helvetica, arial, sans-serif; font-size: 13px;\">We should calibrate our monitor to adjust according to the specification. The profile utility will allow us to save a color profile once it is calibrated.</p><p style=\"font-family: verdana, helvetica, arial, sans-serif; font-size: 13px;\"><strong style=\"color: rgba(0, 0, 0, 0.75);\">Step 1:</strong>&nbsp;Turn on your monitor and left it running for at least half hour. It gives the monitor a sufficient time to warm up and produce more consistent output.</p><p style=\"font-family: verdana, helvetica, arial, sans-serif; font-size: 13px;\"><strong style=\"color: rgba(0, 0, 0, 0.75);\">Step 2:</strong>&nbsp;You need to take care of that your monitor is displaying thousands of colors or more. Ideally your monitor should display 24-bit or higher color.</p><p style=\"font-family: verdana, helvetica, arial, sans-serif; font-size: 13px;\"><strong style=\"color: rgba(0, 0, 0, 0.75);\">Step 3:</strong>&nbsp;The colorful background pattern should be removed from you monitor and set you monitor to display neutral grays.</p><p style=\"font-family: verdana, helvetica, arial, sans-serif; font-size: 13px;\"><strong style=\"color: rgba(0, 0, 0, 0.75);\">Step 4:</strong>&nbsp;Now, you need to install and use a monitor calibration utility.</p><p><img src=\"https://static.javatpoint.com/tutorial/adobe-illustrator/images/color-management-in-adobe-illustrator8.png\" alt=\"Color Management in Adobe Illustrator\" style=\"max-width: 100%; height: auto; font-family: verdana, helvetica, arial, sans-serif; font-size: 13px;\"><span style=\"font-family: verdana, helvetica, arial, sans-serif; font-size: 13px;\"></span></p><p style=\"font-family: verdana, helvetica, arial, sans-serif; font-size: 13px;\">Such profiling software can automatically assign the updated profile as the default monitor profiles.</p><h3 class=\"h3\" style=\"line-height: 1.3em; font-family: erdana, helvetica, arial, sans-serif; color: rgb(97, 11, 75); font-size: 21px;\">Embed color profile in Illustrator</h3><p style=\"font-family: verdana, helvetica, arial, sans-serif; font-size: 13px;\">We must have to export the document in the format that supports ICC profile to embed a color profile in a document we create in Adobe illustrator.</p><p style=\"font-family: verdana, helvetica, arial, sans-serif; font-size: 13px;\"><strong style=\"color: rgba(0, 0, 0, 0.75);\">Step 1:</strong>&nbsp;You have to save the created document in any of the following file format: Adobe&nbsp;<a href=\"https://www.javatpoint.com/pdf-full-form\" style=\"color: green; text-decoration: none;\">PDF</a>, PSD, AI, INDD, JPEG, Photoshop EPS, Large Document Format, or TIFF.</p><p style=\"font-family: verdana, helvetica, arial, sans-serif; font-size: 13px;\"><strong style=\"color: rgba(0, 0, 0, 0.75);\">Step 2:</strong>&nbsp;Now, select the option for embedding ICC profiles. It varies between applications.</p><h3 class=\"h3\" style=\"line-height: 1.3em; font-family: erdana, helvetica, arial, sans-serif; color: rgb(97, 11, 75); font-size: 21px;\">Assign or remove a color profile in Adobe Illustrator</h3><p style=\"font-family: verdana, helvetica, arial, sans-serif; font-size: 13px;\"><strong style=\"color: rgba(0, 0, 0, 0.75);\">Step 1:</strong>&nbsp;Click on Edit menu, then a drop-down menu will appear.</p><p style=\"font-family: verdana, helvetica, arial, sans-serif; font-size: 13px;\"><strong style=\"color: rgba(0, 0, 0, 0.75);\">Step 2:</strong>&nbsp;Now, from the drop-down menu, click on Assign profile.</p><p style=\"font-family: verdana, helvetica, arial, sans-serif; font-size: 13px;\"><strong style=\"color: rgba(0, 0, 0, 0.75);\">Step 3:</strong>&nbsp;After that, select a profile from the Assign profile dialogue box.</p><p style=\"font-family: verdana, helvetica, arial, sans-serif; font-size: 13px;\"><strong style=\"color: rgba(0, 0, 0, 0.75);\">Step 4:</strong>&nbsp;For each type of graphic in your document, select a rendering option.</p><p style=\"font-family: verdana, helvetica, arial, sans-serif; font-size: 13px;\"><strong style=\"color: rgba(0, 0, 0, 0.75);\">Step 5:</strong>&nbsp;Select preview to see the preview of the effect for the new profile assignment in the document. Then click OK.</p><h3 class=\"h3\" style=\"line-height: 1.3em; font-family: erdana, helvetica, arial, sans-serif; color: rgb(97, 11, 75); font-size: 21px;\">Color Management policy in Adobe Illustrator</h3><p style=\"font-family: verdana, helvetica, arial, sans-serif; font-size: 13px;\">A color management policy in Adobe application determines that how the application handles color data when we open any document or import an image.</p><p style=\"font-family: verdana, helvetica, arial, sans-serif; font-size: 13px;\">To display the color management policy option you need to go to the Edit menu, then Select color setting from the drop down.</p><p style=\"font-family: verdana, helvetica, arial, sans-serif; font-size: 13px;\"><strong style=\"color: rgba(0, 0, 0, 0.75);\">RGB, CMYK, and Gray:</strong>&nbsp;It specifies a policy in the current working space when we bring color.</p><ul class=\"points\" style=\"list-style: circle; font-variant-numeric: normal; font-variant-east-asian: normal; font-stretch: normal; font-size: 13px; line-height: normal; font-family: verdana, helvetica, arial, sans-serif;\"><li style=\"padding: 0.2em; line-height: 21px; margin-top: 4px;\"><strong style=\"color: rgba(0, 0, 0, 0.75);\">Preserver Embedded Profiles:</strong>&nbsp;When we open profile, we have to preserve the embedded color profiles. It is the recommended option that you select for most workflows because it provides consistent color management.</li><li style=\"padding: 0.2em; line-height: 21px; margin-top: 4px;\"><strong style=\"color: rgba(0, 0, 0, 0.75);\">Convert To Working Space:</strong>&nbsp;It will help you to convert the colors of current working space profile when we open files and importing any images.</li><li style=\"padding: 0.2em; line-height: 21px; margin-top: 4px;\"><strong style=\"color: rgba(0, 0, 0, 0.75);\">Preserve Numbers:</strong>&nbsp;It is available in Illustrator and InDesign as well for CMYK. It preserves the color numbers when opening files and importing images, but still it allows us to use color management to view colors accurately in Adobe applications.</li><li style=\"padding: 0.2em; line-height: 21px; margin-top: 4px;\">Off: It ignore the embedded color profiles when we open the files and imports the images.</li></ul><p style=\"font-family: verdana, helvetica, arial, sans-serif; font-size: 13px;\"><strong style=\"color: rgba(0, 0, 0, 0.75);\">Profile Mismatches:</strong>&nbsp;It displays a message when we opening the document tagged with a profile other than the current working space. The policy\'s default behaviour can be override using the given option. You can select this option; in case you want to ensure the appropriate color management of pasted colors on a case-by-case basis.</p><p style=\"font-family: verdana, helvetica, arial, sans-serif; font-size: 13px;\"><strong style=\"color: rgba(0, 0, 0, 0.75);\">Profile Mismatches:</strong>&nbsp;It displays a message whenever the profile mismatches occur as color are im</p>','https://www.javatpoint.com/color-management-in-adobe-illustrator','TL01','611294',1,1,'2020-09-04 09:54:52','admin',NULL,'2020-09-04 09:54:52'),(11,'11','Tuan',NULL,'In Adobe Illustrator, a color management system used to reconciles the color differences between the different devices. It allows us to accurately view colors and make sound color decisions throughout our workflow, from digital capture to final output.\n\nA color management system is a solution to have system that interprets and translates color accurately between devices. It compares the color space in which a color was created to the color space in which the same color will be output. It also makes the necessary adjustments to represent the color as consistently as possible among number of devices. It translates colors with the help of color profiles.','<table style=\"width: 878px; font-family: Verdana, Arial, sans-serif; font-size: 13px;\"><tbody><tr><td style=\"font-variant-numeric: normal; font-variant-east-asian: normal; font-stretch: normal; line-height: 23px; font-family: verdana, helvetica, arial, sans-serif; margin-left: 20px;\"><div id=\"bottomnextup\"><a class=\"next\" href=\"https://www.javatpoint.com/painting-in-adobe-illustrator\" style=\"color: rgb(255, 255, 255); text-decoration: none; font-variant-numeric: normal; font-variant-east-asian: normal; font-weight: 700; font-stretch: normal; line-height: 1.5; font-family: &quot;times new roman&quot;; padding: 6px 25px; background-color: rgb(139, 195, 74); float: right; margin-left: 7px;\">next →</a><a class=\"next\" href=\"https://www.javatpoint.com/color-in-adobe-illustrator\" style=\"color: rgb(255, 255, 255); text-decoration: none; font-variant-numeric: normal; font-variant-east-asian: normal; font-weight: 700; font-stretch: normal; line-height: 1.5; font-family: &quot;times new roman&quot;; padding: 6px 25px; background-color: rgb(139, 195, 74); float: right; margin-left: 7px;\">← prev</a></div><h1 class=\"h1\" style=\"line-height: 1.3em; margin-top: 5px; font-family: erdana, helvetica, arial, sans-serif; font-size: 29px; color: rgb(97, 11, 56);\">Color Management in Adobe Illustrator</h1><p>In Adobe Illustrator, a color management system used to reconciles the color differences between the different devices. It allows us to accurately view colors and make sound color decisions throughout our workflow, from digital capture to final output.</p><p>A color management system is a solution to have system that interprets and translates color accurately between devices. It compares the color space in which a color was created to the color space in which the same color will be output. It also makes the necessary adjustments to represent the color as consistently as possible among number of devices. It translates colors with the help of&nbsp;<em>color profiles</em>.</p><p>Adobe color management uses ICC profiles which is a format defined by the International Color Consortium.</p><h3 class=\"h3\" style=\"line-height: 1.3em; font-family: erdana, helvetica, arial, sans-serif; color: rgb(97, 11, 75); font-size: 21px;\">Steps for producing consistent color</h3><p><strong style=\"color: rgba(0, 0, 0, 0.75);\">Step 1:</strong>&nbsp;We need to discuss to our production partner (if any) that how the color workflow will be integrated with our workgroups and service provider. We should discuss how the software and hardware will be configured for integration into the color management system.</p><p><strong style=\"color: rgba(0, 0, 0, 0.75);\">Step 2:</strong>&nbsp;We need to calibrate and profile our monitor. The correct color visualisation is essential if we are making creative decision that involves the color we specify in our document.</p><p><strong style=\"color: rgba(0, 0, 0, 0.75);\">Step 3:</strong>&nbsp;We can add color profiles to our system for any input and output devices that we plan to use. For example - scanner and printer.</p><p><strong style=\"color: rgba(0, 0, 0, 0.75);\">Step 4:</strong>&nbsp;Now, we need to setup color management in Adobe applications.</p><p><strong style=\"color: rgba(0, 0, 0, 0.75);\">Step 5:</strong>&nbsp;When we done creating a document, we can use a soft proof to preview how the color will look when printed or viewed on a specific device.</p><p><strong style=\"color: rgba(0, 0, 0, 0.75);\">Step 6:</strong>&nbsp;Finally, using the color management when printing and saving files.</p><h3 class=\"h3\" style=\"line-height: 1.3em; font-family: erdana, helvetica, arial, sans-serif; color: rgb(97, 11, 75); font-size: 21px;\">Synchronising color setting across Adobe application</h3><p>A warning message will appear, if the color setting will not be synchronised. It is recommended that we synchronize color settings before we work with new or existing documents.</p><p><strong style=\"color: rgba(0, 0, 0, 0.75);\">Step 1:</strong>&nbsp;Open Adobe Bridge.</p><p><strong style=\"color: rgba(0, 0, 0, 0.75);\">Step 2:</strong>&nbsp;Now, go to Edit menu then click on the Creative Suite Color Settings from the dropdown menu.</p><p><strong style=\"color: rgba(0, 0, 0, 0.75);\">Step 3:</strong>&nbsp;After that select the color settings from the list and then click Apply.</p><h3 class=\"h3\" style=\"line-height: 1.3em; font-family: erdana, helvetica, arial, sans-serif; color: rgb(97, 11, 75); font-size: 21px;\">Setting up Color Management in Adobe Illustrator</h3><p><strong style=\"color: rgba(0, 0, 0, 0.75);\">Step 1:</strong>&nbsp;Open&nbsp;<a href=\"https://www.javatpoint.com/adobe-illustrator\" style=\"color: green; text-decoration: none;\">Adobe Illustrator</a>.</p><p><strong style=\"color: rgba(0, 0, 0, 0.75);\">Step 2:</strong>&nbsp;Go to the edit menu then click on Color setting from the drop-down list.</p><img src=\"https://static.javatpoint.com/tutorial/adobe-illustrator/images/color-management-in-adobe-illustrator.png\" alt=\"Color Management in Adobe Illustrator\" style=\"max-width: 100%; height: auto;\"><p><strong style=\"color: rgba(0, 0, 0, 0.75);\">Step 3:</strong>&nbsp;Now, the color setting dialogue box will appear. Select a color setting and click OK.</p><img src=\"https://static.javatpoint.com/tutorial/adobe-illustrator/images/color-management-in-adobe-illustrator2.png\" alt=\"Color Management in Adobe Illustrator\" style=\"max-width: 100%; height: auto;\"><p>It will determine that what color working space are used by the application and what happens when we open and import files with embedded profiles.</p><h3 class=\"h3\" style=\"line-height: 1.3em; font-family: erdana, helvetica, arial, sans-serif; color: rgb(97, 11, 75); font-size: 21px;\">Change the appearance of CMYK black</h3><p>The pure CMYK black appeared as jet black when we see it on the screen, exported to an RGB file format, or printed to a non-PostScript desktop printer.</p><p><strong style=\"color: rgba(0, 0, 0, 0.75);\">Step 1:</strong>&nbsp;Go to edit menu, then click on preferences from the drop-down list.</p><p><strong style=\"color: rgba(0, 0, 0, 0.75);\">Step 2:</strong>&nbsp;When you hover over preferences another list will appear, then click on Appearance Of Black.</p><img src=\"https://static.javatpoint.com/tutorial/adobe-illustrator/images/color-management-in-adobe-illustrator3.png\" alt=\"Color Management in Adobe Illustrator\" style=\"max-width: 100%; height: auto;\"><p><strong style=\"color: rgba(0, 0, 0, 0.75);\">Step 3:</strong>&nbsp;Choose an option for On Screen from the Appearance of Black dialogue box:</p><img src=\"https://static.javatpoint.com/tutorial/adobe-illustrator/images/color-management-in-adobe-illustrator4.png\" alt=\"Color Management in Adobe Illustrator\" style=\"max-width: 100%; height: auto;\"><ul class=\"points\" style=\"list-style: circle; font-variant-numeric: normal; font-variant-east-asian: normal; font-stretch: normal; line-height: normal;\"><li style=\"padding: 0.2em; line-height: 21px; margin-top: 4px;\"><strong style=\"color: rgba(0, 0, 0, 0.75);\">Display All Blacks Accurately:</strong>&nbsp;It will display the pure CMYK black as dark gray. It allows us to differentiate between pure black and rich black.</li><li style=\"padding: 0.2em; line-height: 21px; margin-top: 4px;\"><strong style=\"color: rgba(0, 0, 0, 0.75);\">Display All Black As Rich Black:</strong>&nbsp;It displays the pure CMYK black as Jet black. It makes pure black and rich black appear same on the screen.</li></ul><p><strong style=\"color: rgba(0, 0, 0, 0.75);\">Step 4:</strong>&nbsp;Now, choose an option for printing/exporting then click OK.</p><h3 class=\"h3\" style=\"line-height: 1.3em; font-family: erdana, helvetica, arial, sans-serif; color: rgb(97, 11, 75); font-size: 21px;\">Color Management for imported images</h3><ul class=\"points\" style=\"list-style: circle; font-variant-numeric: normal; font-variant-east-asian: normal; font-stretch: normal; line-height: normal;\"><li style=\"padding: 0.2em; line-height: 21px; margin-top: 4px;\"><strong style=\"color: rgba(0, 0, 0, 0.75);\">Use a safe CMYK workflow:</strong>&nbsp;The CMYK color numbers are preserved all the way to find the final output by a safe CMYK workflow. It is beneficial in case we want to incrementally adopt color management practice. The application ignores the profile and preserves the raw color numbers when we open or import image with an embedded profile.</li><li style=\"padding: 0.2em; line-height: 21px; margin-top: 4px;\"><strong style=\"color: rgba(0, 0, 0, 0.75);\">Preparing imported graphic for color management:</strong>&nbsp;We need to embed an ICC-compliant profile when we save the file. JPEG, PDF, PSD, AI, INDD, Photoshop EPS, Large Document Format and TIFF are the file formats that are supported by the embedded profiles. In case, we want to reuse a color graphic for multiple final output devices or media. For example- print, video, and the web then we prepare the graphic using RGB or Lab colors whenever possible.</li></ul><h3 class=\"h3\" style=\"line-height: 1.3em; font-family: erdana, helvetica, arial, sans-serif; color: rgb(97, 11, 75); font-size: 21px;\">Color proofing in Illustrator</h3><p>Soft-proofing: We can use the precision of color profiles to soft-proof our document directly on the monitor to see how the color will look alike on a specific output device.</p><img src=\"https://static.javatpoint.com/tutorial/adobe-illustrator/images/color-management-in-adobe-illustrator5.png\" alt=\"Color Management in Adobe Illustrator\" style=\"max-width: 100%; height: auto;\"><p><strong style=\"color: rgba(0, 0, 0, 0.75);\">Step 1:</strong>&nbsp;Click on the view menu, then click on the Proof setup from the drop-down list.</p><img src=\"https://static.javatpoint.com/tutorial/adobe-illustrator/images/color-management-in-adobe-illustrator6.png\" alt=\"Color Management in Adobe Illustrator\" style=\"max-width: 100%; height: auto;\"><p><strong style=\"color: rgba(0, 0, 0, 0.75);\">Step 2:</strong>&nbsp;Click on the view menu then go to the Proof colors to toggle the soft-proof display on and off.</p><h3 class=\"h3\" style=\"line-height: 1.3em; font-family: erdana, helvetica, arial, sans-serif; color: rgb(97, 11, 75); font-size: 21px;\">Save or Load a custom proof setup</h3><p><strong style=\"color: rgba(0, 0, 0, 0.75);\">Step 1:</strong>&nbsp;Go to View menu and click on proof setup from the drop-down list.</p><p><strong style=\"color: rgba(0, 0, 0, 0.75);\">Step 2:</strong>&nbsp;After that, click on the custom option from the child drop-down menu.</p></td></tr></tbody></table>','https://www.javatpoint.com/color-management-in-adobe-illustrator','TL02','611293',1,1,'2020-09-04 10:06:37','admin',NULL,'2020-09-04 10:06:37'),(12,'20','Đồ án 20','/home/kiennd/group01-03project1/04-Source/Back-end/project/document/img/project/Cristiano-Ronaldo-Desktop-Wallpaper-.jpg','Adobe Illustrator tutorial is the training series for the students and working professionals to learn Adobe graphics and publishing software developed with the support of Adobe product experts.\n\nThe tutorial is designed in a way that you can learn at your own pace. It will explain to you all about the Illustrator from fundamental to advance features, including the tips and techniques for using the latest version of the application.','<table style=\"width: 878px; font-family: Verdana, Arial, sans-serif; font-size: 13px;\"><tbody><tr><td style=\"font-variant-numeric: normal; font-variant-east-asian: normal; font-stretch: normal; line-height: 23px; font-family: verdana, helvetica, arial, sans-serif; margin-left: 20px;\"><div id=\"bottomnextup\"><a class=\"next\" href=\"https://www.javatpoint.com/adobe-illustrator-installation\" style=\"color: rgb(255, 255, 255); text-decoration: none; font-variant-numeric: normal; font-variant-east-asian: normal; font-weight: 700; font-stretch: normal; line-height: 1.5; font-family: &quot;times new roman&quot;; padding: 6px 25px; background-color: rgb(139, 195, 74); float: right; margin-left: 7px;\">next →</a></div><h1 class=\"h1\" style=\"line-height: 1.3em; margin-top: 5px; font-family: erdana, helvetica, arial, sans-serif; font-size: 29px; color: rgb(97, 11, 56);\">Adobe Illustrator Tutorial</h1><img src=\"https://static.javatpoint.com/tutorial/adobe-illustrator/images/adobe-illustrator.png\" class=\"imageright\" alt=\"Adobe Illustrator Tutorial\" style=\"max-width: 100%; height: auto; margin-left: 20px; float: right;\"><p>Adobe Illustrator tutorial is the training series for the students and working professionals to learn Adobe graphics and publishing software developed with the support of Adobe product experts.</p><p>The tutorial is designed in a way that you can learn at your own pace. It will explain to you all about the Illustrator from fundamental to advance features, including the tips and techniques for using the latest version of the application.</p><h3 class=\"h3\" style=\"line-height: 1.3em; font-family: erdana, helvetica, arial, sans-serif; color: rgb(97, 11, 75); font-size: 21px;\">What is Adobe Illustrator</h3><p>Adobe Illustrator is an application software service provided by Adobe. This software application can be used to create artwork using a&nbsp;<a href=\"https://www.javatpoint.com/windows\" style=\"color: green; text-decoration: none;\">Windows</a>&nbsp;PC or MacOS computer. The first version of this application was released in 1987 and continuously evolving day by day. Now, it will be available to be used on the cloud, i.e., Adobe Creative Cloud. To create high-quality artwork, graphic designers, web designers, visual artists, and professional illustrators use this application. It includes a vast number of drawing tools that we can use to reduce the time need to create an illustration.</p><p>These are the following things that you can do with illustrator.</p><p><strong style=\"color: rgba(0, 0, 0, 0.75);\">Example:</strong></p><ul class=\"points\" style=\"list-style: circle; font-variant-numeric: normal; font-variant-east-asian: normal; font-stretch: normal; line-height: normal;\"><li style=\"padding: 0.2em; line-height: 21px; margin-top: 4px;\">Create a variety of digital and printed images.</li><li style=\"padding: 0.2em; line-height: 21px; margin-top: 4px;\">Cartoons.</li><li style=\"padding: 0.2em; line-height: 21px; margin-top: 4px;\">Charts.</li><li style=\"padding: 0.2em; line-height: 21px; margin-top: 4px;\">Diagram.</li><li style=\"padding: 0.2em; line-height: 21px; margin-top: 4px;\">Graphs.</li><li style=\"padding: 0.2em; line-height: 21px; margin-top: 4px;\">Logos.</li></ul><p>We can use an image as a guide to trace an object in the photograph and can also import that image. It can be used to create a sketch-like appearance and re-coloring of the picture. The illustrator can be used to manipulate text in many ways and can be used to create postcards, posters, and other visual designs that always uses image and writing together.</p><h3 class=\"h3\" style=\"line-height: 1.3em; font-family: erdana, helvetica, arial, sans-serif; color: rgb(97, 11, 75); font-size: 21px;\">Adobe Illustrator CC</h3><p>Adobe Illustrator CC is the cloud version of the same that stands for Adobe creative cloud. It is Adobe\'s cloud-based subscription service, which was first released in 2013.</p><p>An important change in Adobe Illustrator CC is that it includes the ability to save the document over the cloud. Its data can be synced simultaneously to the cloud to keep our setting updated. Adobe is now integrated with Behance, which can be used by the artists to showcase their work and portfolios.</p><h3 class=\"h3\" style=\"line-height: 1.3em; font-family: erdana, helvetica, arial, sans-serif; color: rgb(97, 11, 75); font-size: 21px;\">History</h3><p>The first version of the illustrator was released in 1987 for the Mac OS. Adobe was always focused on developing fonts known as PostScript so that computers could use to communicate with printers.</p><p>The 2<sup>nd</sup>&nbsp;version of the illustrator becomes the first version of the illustrator that can be used on&nbsp;<a href=\"https://www.javatpoint.com/what-is-windows\" style=\"color: green; text-decoration: none;\">Windows OS</a>, and it was released in later 1989. After that, it will be developed to use on NeXT, Silicon Graphics, and Sun Solaris in the 1990s.</p><p>The latest version of the Illustrator in CS6 and became part of the Creative Cloud. The current version is Adobe Illustrator CC 2020.</p><h2 class=\"h2\" style=\"line-height: 1.3em; font-family: erdana, helvetica, arial, sans-serif; color: rgb(97, 11, 56); font-size: 25px;\">Prerequisites</h2><p>Before learning Adobe Illustrator CC, you should have a working knowledge of the computer and its operating system. Make sure you know how to use the basic commands and menus with primary I/O devices.</p><p><strong style=\"color: rgba(0, 0, 0, 0.75);\">In this adobe illustrator tutorial, we are going to discuss the following topics -</strong></p><ul class=\"points\" style=\"list-style: circle; font-variant-numeric: normal; font-variant-east-asian: normal; font-stretch: normal; line-height: normal;\"><li style=\"padding: 0.2em; line-height: 21px; margin-top: 4px;\">Installation of Illustrator</li><li style=\"padding: 0.2em; line-height: 21px; margin-top: 4px;\">Work Area of Illustrator</li><li style=\"padding: 0.2em; line-height: 21px; margin-top: 4px;\">Drawing in illustrator</li><li style=\"padding: 0.2em; line-height: 21px; margin-top: 4px;\">Color in illustrator</li><li style=\"padding: 0.2em; line-height: 21px; margin-top: 4px;\">Color Management in illustrator</li><li style=\"padding: 0.2em; line-height: 21px; margin-top: 4px;\">Painting in illustrator</li><li style=\"padding: 0.2em; line-height: 21px; margin-top: 4px;\">Selecting and arranging objects in illustrator</li><li style=\"padding: 0.2em; line-height: 21px; margin-top: 4px;\">Reshaping objects in illustrator</li><li style=\"padding: 0.2em; line-height: 21px; margin-top: 4px;\">Importing, exporting and saving in illustrator</li><li style=\"padding: 0.2em; line-height: 21px; margin-top: 4px;\">Illustrator type</li><li style=\"padding: 0.2em; line-height: 21px; margin-top: 4px;\">Special Effects</li><li style=\"padding: 0.2em; line-height: 21px; margin-top: 4px;\">Web graphics</li></ul><h2 class=\"h2\" style=\"line-height: 1.3em; font-family: erdana, helvetica, arial, sans-serif; color: rgb(97, 11, 56); font-size: 25px;\">Audience</h2><p>Our Adobe Illustrator Tutorial is designed to help beginners and professionals.</p><h2 class=\"h2\" style=\"line-height: 1.3em; font-family: erdana, helvetica, arial, sans-serif; color: rgb(97, 11, 56); font-size: 25px;\">Problem</h2></td></tr></tbody></table>','https://www.javatpoint.com/adobe-illustrator','TL01','611294',1,1,'2020-09-04 11:14:14','admin',NULL,'2020-09-04 11:14:14'),(13,'test','Do an 30','/home/kiennd/group01-03project1/04-Source/Back-end/project/document/img/project/cristiano-ronaldo-tonight-48th-career-hat-trick-5th-hat-trick-for-portugal.jpg','\nMỤC LỤC\n\n\n\n1.	GIỚI THIỆU	6\n\n1.1.	Mục đích tài liệu	6\n\n1.2.	Phạm vi tài liệu	6\n\n1.3.	Định nghĩa thuật ngữ viết tắt	6\n\n1.4.	Tài liệu tham khảo	6\n\n1.5.	Mô tả tài liệu	6','<p>XÂY DỰNG HỆ THỐNG TRƯNG BÀY SẢN PHẨM ĐỒ ÁN MÔN HỌC</p><p><br></p><p>Tài liệu đặc tả yêu cầu</p><p><br></p><p>Mã dự án</p><p><br></p><p>Mã tài liệu</p><p><br></p><p>Ngày</p><p><br></p><p><br></p><p>Thành viên:</p><p>Nguyễn Tùng Bái</p><p>Nguyễn Văn Dần</p><p>Trần Đức Mạnh</p><p>Đinh Quang Huy</p><p>Nguyễn Đắc Kiên</p><p>Nguyễn Tuấn Mạnh</p><p>Dương Thị Thanh Huyền</p><p>Phạm Thị Phượng</p><p><br></p><p><br></p><p><br></p><p><br></p><p><br></p><p><br></p><p><br></p><p><br></p><p>Hà Nội, ngày 10 tháng 04 năm 2020</p><p>NỘI DUNG SỬA ĐỔI</p><p>M - Mới, S - Sửa, X – Xóa</p><p>Ngày</p><p>Mục sửa đổi</p><p>M, S, X</p><p>Nội dung sửa đổi</p><p>Người sửa</p><p>đổi</p><p>Lần</p><p>sửa đổi</p><p><br></p><p><br></p><p><br></p><p><br></p><p><br></p><p><br></p><p><br></p><p><br></p><p><br></p><p><br></p><p><br></p><p><br></p><p><br></p><p><br></p><p><br></p><p><br></p><p><br></p><p><br></p><p><br></p><p><br></p><p><br></p><p><br></p><p><br></p><p><br></p><p><br></p><p><br></p><p><br></p><p><br></p><p><br></p><p><br></p><p><br></p><p><br></p><p><br></p><p><br></p><p><br></p><p><br></p><p><br></p><p><br></p><p><br></p><p><br></p><p><br></p><p><br></p><p><br></p><p><br></p><p><br></p><p><br></p><p><br></p><p><br></p><p><br></p><p><br></p><p><br></p><p><br></p><p><br></p><p><br></p><p><br></p><p><br></p><p><br></p><p><br></p><p><br></p><p><br></p><p><br></p><p><br></p><p><br></p><p><br></p><p><br></p><p><br></p><p><br></p><p><br></p><p><br></p><p><br></p><p><br></p><p><br></p><p><br></p><p><br></p><p>2.<span style=\"white-space:pre\">	</span>TỔNG QUAN HỆ THỐNG<span style=\"white-space:pre\">	</span>6</p><p>2.1.<span style=\"white-space:pre\">	</span>Phát biểu bài toán<span style=\"white-space:pre\">	</span>6</p><p>2.2.<span style=\"white-space:pre\">	</span>Mục tiêu hệ thống<span style=\"white-space:pre\">	</span>7</p><p>2.3.<span style=\"white-space:pre\">	</span>Phạm vi hệ thống<span style=\"white-space:pre\">	</span>7</p><p>2.3.1.<span style=\"white-space:pre\">	</span>Người sử dụng hệ thống<span style=\"white-space:pre\">	</span>7</p><p>2.3.2.<span style=\"white-space:pre\">	</span>Mô hình phân rã chức năng của hệ thống<span style=\"white-space:pre\">	</span>8</p><p>3.<span style=\"white-space:pre\">	</span>ĐẶC TẢ YÊU CẦU CHỨC NĂNG<span style=\"white-space:pre\">	</span>9</p><p>3.1.<span style=\"white-space:pre\">	</span>Đăng nhập<span style=\"white-space:pre\">	</span>9</p><p>3.1.1.<span style=\"white-space:pre\">	</span>Mô tả nghiệp vụ<span style=\"white-space:pre\">	</span>9</p><p>3.1.2.<span style=\"white-space:pre\">	</span>Dòng sự kiện chính.<span style=\"white-space:pre\">	</span>9</p><p>3.1.3.<span style=\"white-space:pre\">	</span>Dòng sự kiện rẽ nhánh<span style=\"white-space:pre\">	</span>9</p><p>3.1.4.<span style=\"white-space:pre\">	</span>Yêu cầu đặc biệt<span style=\"white-space:pre\">	</span>9</p><p>3.1.5.<span style=\"white-space:pre\">	</span>Điều kiện trước<span style=\"white-space:pre\">	</span>9</p><p>3.1.6.<span style=\"white-space:pre\">	</span>Điều kiện sau<span style=\"white-space:pre\">	</span>9</p><p>3.2.<span style=\"white-space:pre\">	</span>Phân quyền<span style=\"white-space:pre\">	</span>9</p><p>3.2.1.<span style=\"white-space:pre\">	</span>Mô tả nghiệp vụ<span style=\"white-space:pre\">	</span>9</p><p>3.2.2.<span style=\"white-space:pre\">	</span>Dòng sự kiện chính<span style=\"white-space:pre\">	</span>10</p><p>3.2.3.<span style=\"white-space:pre\">	</span>Dòng sự kiện rẽ nhánh<span style=\"white-space:pre\">	</span>10</p><p>3.2.4.<span style=\"white-space:pre\">	</span>Yêu cầu đặc biệt<span style=\"white-space:pre\">	</span>10</p><p>3.2.5.<span style=\"white-space:pre\">	</span>Điều kiện trước<span style=\"white-space:pre\">	</span>10</p><p>3.2.6.<span style=\"white-space:pre\">	</span>Điều kiện sau<span style=\"white-space:pre\">	</span>10</p><p>3.3.<span style=\"white-space:pre\">	</span>Quản lý user<span style=\"white-space:pre\">	</span>10</p><p>3.3.1.<span style=\"white-space:pre\">	</span>Mô tả nghiệp vụ<span style=\"white-space:pre\">	</span>10</p><p>3.3.2.<span style=\"white-space:pre\">	</span>Dòng sự kiện chính<span style=\"white-space:pre\">	</span>10</p><p>3.3.3.<span style=\"white-space:pre\">	</span>Dòng sự kiện rẽ nhánh<span style=\"white-space:pre\">	</span>11</p><p>3.3.4.<span style=\"white-space:pre\">	</span>Yêu cầu đặc biệt<span style=\"white-space:pre\">	</span>11</p><p>3.3.5.<span style=\"white-space:pre\">	</span>Điều kiện trước<span style=\"white-space:pre\">	</span>11</p><p>3.3.6.<span style=\"white-space:pre\">	</span>Điều kiện sau<span style=\"white-space:pre\">	</span>11</p><p>3.4.<span style=\"white-space:pre\">	</span>Quản lý bộ môn<span style=\"white-space:pre\">	</span>11</p><p>3.4.1.<span style=\"white-space:pre\">	</span>Mô tả nghiệp vụ<span style=\"white-space:pre\">	</span>11</p><p>3.4.2.<span style=\"white-space:pre\">	</span>Dòng sự kiện chính<span style=\"white-space:pre\">	</span>12</p><p>3.4.3.<span style=\"white-space:pre\">	</span>Dòng sự kiện rẽ nhánh<span style=\"white-space:pre\">	</span>12</p><p>3.4.4.<span style=\"white-space:pre\">	</span>Yêu cầu đặc biệt<span style=\"white-space:pre\">	</span>12</p><p>3.4.5.<span style=\"white-space:pre\">	</span>Điều kiện trước<span style=\"white-space:pre\">	</span>13</p><p>3.4.6.<span style=\"white-space:pre\">	</span>Điều kiện sau<span style=\"white-space:pre\">	</span>13</p><p>3.5.<span style=\"white-space:pre\">	</span>Quản lý môn học<span style=\"white-space:pre\">	</span>13</p><p>3.5.1.<span style=\"white-space:pre\">	</span>Mô tả nghiệp vụ<span style=\"white-space:pre\">	</span>13</p><p>3.5.2.<span style=\"white-space:pre\">	</span>Dòng sự kiện chính<span style=\"white-space:pre\">	</span>13</p><p>3.5.3.<span style=\"white-space:pre\">	</span>Dòng sự kiện rẽ nhánh<span style=\"white-space:pre\">	</span>13</p><p>3.5.4.<span style=\"white-space:pre\">	</span>Yêu cầu đặc biệt<span style=\"white-space:pre\">	</span>14</p><p>3.5.5.<span style=\"white-space:pre\">	</span>Điều kiện trước<span style=\"white-space:pre\">	</span>14</p><p>3.5.6.<span style=\"white-space:pre\">	</span>Điều kiện sau<span style=\"white-space:pre\">	</span>14</p><p>3.6.<span style=\"white-space:pre\">	</span>Quản lý thể loại<span style=\"white-space:pre\">	</span>14</p><p>3.6.1.<span style=\"white-space:pre\">	</span>Mô tả nghiệp vụ<span style=\"white-space:pre\">	</span>14</p><p>3.6.2.<span style=\"white-space:pre\">	</span>Dòng sự kiện chính<span style=\"white-space:pre\">	</span>14</p><p>3.6.3.<span style=\"white-space:pre\">	</span>Dòng sự kiện rẽ nhánh<span style=\"white-space:pre\">	</span>14</p><p>3.6.4.<span style=\"white-space:pre\">	</span>Yêu cầu đặc biệt<span style=\"white-space:pre\">	</span>15</p><p>3.6.5.<span style=\"white-space:pre\">	</span>Điều kiện trước<span style=\"white-space:pre\">	</span>15</p><p>3.6.6.<span style=\"white-space:pre\">	</span>Điều kiện sau<span style=\"white-space:pre\">	</span>15</p><p>3.7.<span style=\"white-space:pre\">	</span>Quản lý năm học<span style=\"white-space:pre\">	</span>15</p><p>3.7.1.<span style=\"white-space:pre\">	</span>Mô tả nghiệp vụ<span style=\"white-space:pre\">	</span>15</p><p>3.7.2.<span style=\"white-space:pre\">	</span>Dòng sự kiện chính<span style=\"white-space:pre\">	</span>15</p><p>3.7.3.<span style=\"white-space:pre\">	</span>Dòng sự kiện rẽ nhánh<span style=\"white-space:pre\">	</span>15</p><p>3.7.4.<span style=\"white-space:pre\">	</span>Yêu cầu đặc biệt<span style=\"white-space:pre\">	</span>15</p><p>3.7.5.<span style=\"white-space:pre\">	</span>Điều kiện trước<span style=\"white-space:pre\">	</span>15</p><p>3.7.6.<span style=\"white-space:pre\">	</span>Điều kiện sau<span style=\"white-space:pre\">	</span>16</p><p>3.8.<span style=\"white-space:pre\">	</span>Quản lý lớp học phần<span style=\"white-space:pre\">	</span>16</p><p>3.8.1.<span style=\"white-space:pre\">	</span>Mô tả nghiệp vụ<span style=\"white-space:pre\">	</span>16</p><p>3.8.2.<span style=\"white-space:pre\">	</span>Dòng sự kiện chính<span style=\"white-space:pre\">	</span>16</p><p>3.8.3.<span style=\"white-space:pre\">	</span>Dòng sự kiện rẽ nhánh<span style=\"white-space:pre\">	</span>16</p><p>3.8.4.<span style=\"white-space:pre\">	</span>Yêu cầu đặc biệt<span style=\"white-space:pre\">	</span>17</p><p>3.8.5.<span style=\"white-space:pre\">	</span>Điều kiện trước<span style=\"white-space:pre\">	</span>17</p><p>3.8.6.<span style=\"white-space:pre\">	</span>Điều kiện sau<span style=\"white-space:pre\">	</span>17</p><p>3.9.<span style=\"white-space:pre\">	</span>Quản lý đồ án<span style=\"white-space:pre\">	</span>17</p><p>3.9.1.<span style=\"white-space:pre\">	</span>Mô tả nghiệp vụ<span style=\"white-space:pre\">	</span>17</p><p>3.9.2.<span style=\"white-space:pre\">	</span>Dòng sự kiện chính<span style=\"white-space:pre\">	</span>17</p><p>3.9.3.<span style=\"white-space:pre\">	</span>Dòng sự kiện rẽ nhánh<span style=\"white-space:pre\">	</span>18</p><p>3.9.4.<span style=\"white-space:pre\">	</span>Yêu cầu đặc biệt<span style=\"white-space:pre\">	</span>18</p><p>3.9.5.<span style=\"white-space:pre\">	</span>Điều kiện trước<span style=\"white-space:pre\">	</span>18</p><p>3.9.6.<span style=\"white-space:pre\">	</span>Điều kiện sau<span style=\"white-space:pre\">	</span>18</p><p>3.10.<span style=\"white-space:pre\">	</span>Thống kê báo cáo đồ án<span style=\"white-space:pre\">	</span>18</p><p>3.10.1.<span style=\"white-space:pre\">	</span>Mô tả nghiệp vụ<span style=\"white-space:pre\">	</span>18</p><p>3.10.2.<span style=\"white-space:pre\">	</span>Dòng sự kiện chính<span style=\"white-space:pre\">	</span>18</p><p>3.10.3.<span style=\"white-space:pre\">	</span>Dòng sự kiện rẽ nhánh<span style=\"white-space:pre\">	</span>18</p><p>3.10.4.<span style=\"white-space:pre\">	</span>Yêu cầu đặc biệt<span style=\"white-space:pre\">	</span>19</p><p>3.10.5.<span style=\"white-space:pre\">	</span>Điều kiện trước<span style=\"white-space:pre\">	</span>19</p><p>3.10.6.<span style=\"white-space:pre\">	</span>Điều kiện sau<span style=\"white-space:pre\">	</span>19</p><p>3.11.<span style=\"white-space:pre\">	</span>Kiểm duyệt đồ án<span style=\"white-space:pre\">	</span>19</p><p>3.11.1.<span style=\"white-space:pre\">	</span>Mô tả nghiệp vụ<span style=\"white-space:pre\">	</span>19</p><p>3.11.2.<span style=\"white-space:pre\">	</span>Dòng sự kiện chính<span style=\"white-space:pre\">	</span>19</p><p>3.11.3.<span style=\"white-space:pre\">	</span>Dòng sự kiện rẽ nhánh<span style=\"white-space:pre\">	</span>19</p><p>3.11.4.<span style=\"white-space:pre\">	</span>Yêu cầu đặc biệt<span style=\"white-space:pre\">	</span>19</p><p>3.11.5.<span style=\"white-space:pre\">	</span>Điều kiện trước<span style=\"white-space:pre\">	</span>19</p><p>3.11.6.<span style=\"white-space:pre\">	</span>Điều kiện sau<span style=\"white-space:pre\">	</span>20</p><p><br></p><p><br></p><p>&nbsp; &nbsp; 1. GIỚI THIỆU</p><p>&nbsp; &nbsp; &nbsp; &nbsp; 1.1. Mục đích tài liệu</p><p><br></p><p>&nbsp; &nbsp; &nbsp; &nbsp; 1.2. Phạm vi tài liệu</p><p>&nbsp; &nbsp; • Tài liệu này là cơ sở giao tiếp giữa các thành viên, là căn cứ để thiết kế, kiểm thử phầm mềm.</p><p><br></p><p>&nbsp; &nbsp; &nbsp; &nbsp; 1.3. Định nghĩa thuật ngữ viết tắt</p><p>STT</p><p>Nội dung</p><p>Ý nghĩa</p><p><br></p><p><br></p><p><br></p><p><br></p><p><br></p><p><br></p><p><br></p><p><br></p><p><br></p><p><br></p><p><br></p><p><br></p><p><br></p><p><br></p><p><br></p><p><br></p><p>&nbsp; &nbsp; &nbsp; &nbsp; 1.4. Tài liệu tham khảo</p><p>&nbsp; &nbsp; • Template_SRS_v1.0.0</p><p><br></p><p>&nbsp; &nbsp; &nbsp; &nbsp; 1.5. Mô tả tài liệu</p><p>Nội dung tài liệu bày bao gồm các phần:</p><p>&nbsp; &nbsp; 1. Giới thiệu</p><p>&nbsp; &nbsp; 2. Tổng quan hệ thống</p><p>&nbsp; &nbsp; 3. Đặc tả yêu cầu chức năng</p><p><br></p><p><br></p><p><br></p><p>&nbsp; &nbsp; 2. TỔNG QUAN HỆ THỐNG</p><p>&nbsp; &nbsp; &nbsp; &nbsp; 2.1. Phát biểu bài toán</p><p>Đặt ra mục tiêu quản lý tất cả đồ án của sinh viên, theo một hệ thống quản lý cũng như bộ máy của khoa Công nghệ thông tin - Học viện Nông nghiệp Việt Nam.</p><p>Khoa Công nghệ thông tin được tổ chức thành nhiều bộ môn, mỗi bộ môn chịu trách nhiệm quản lý đội ngũ giảng viên, đảm nhiệm chức năng giảng dạy hàng chục môn học chuyên ngành cho sinh viên ngành công nghệ thông tin.</p><p>Mỗi kỳ học, nhà trường tổ chức cho sinh viên đăng ký vào các lớp học phần của khoa. Một số môn học, sinh viên được phân chia thành các nhóm và lựa chọn những đề tài nhất định để làm bài tập lớn do giảng viên phụ trách môn học giao cho. Sau khi hoàn thành, nhóm trưởng các nhóm nộp lại sản phẩm cho giảng viên, giảng viên tiếp nhận các đồ án của sinh viên, đánh giá, cho điểm và tiến hành nộp lên bộ môn. Giảng viên và các nhóm trưởng sẽ được cấp một tài khoản truy cập hệ thống để đưa đồ án lên. Sau khi đưa lên, đồ án sẽ được nằm trong một danh sách chờ duyệt và admin có thể toàn quyền duyệt mọi đồ án trong hệ thống, còn với giảng viên chỉ được phép duyệt đồ án thuộc lớp học phần trực tiếp mình giảng dạy. Sau khi được duyệt đồ án mới chính thức được trưng bày trên hệ thống.</p><p>Đồ án trên lưu trữ các thông tin về môn học, giảng viên phụ trách, danh sách sinh viên thực hiện, năm học, kỳ học. Đồ án sẽ được phân loại ra thành 3 nền tảng: ứng dụng web, ứng dụng desktop, ứng dụng mobile. Ứng với mỗi lền tảng sẽ kèm theo các bản demo khác nhau. Với ứng dụng nền tảng web khi hiển thị thông tin chi tiết sẽ có đính kèm video hoặc hình ảnh demo việc sử dụng trang web hay là cách hoạt động của các chức năng trong hệ thống. Với ứng dụng nền tảng desktop và mobile sẽ có chứa kèm những file cài đặt để người dùng có thể tải về và trải nghiệm trực tiếp trên thiết bị của mình.</p><p>Việc lưu trữ và trưng bày các sản phẩm đồ án môn học trên một hệ thống trực tuyến là vô cùng quan trọng và mang lại nhiều lợi ích. Các khoá sau có thể tham khảo sản phẩm cũng như ý tưởng của khoá trước để phát triển hoặc sáng tạo thêm những sản phẩm chất lượn.Việc quản lý bộ môn, giảng viên cùng các môn học sẽ trở nên dễ dàng và thuận tiện. Đồng thời việc trưng bày đồ án môn học trên hệ thống sẽ giúp mọi người có thể chiêm ngưỡng những sản phẩm do sinh viên nghiên cứu thực hiện, góp phần quảng bá hình ảnh của khoa cũng như của trường.</p><p><br></p><p>&nbsp; &nbsp; &nbsp; &nbsp; 2.2. Mục tiêu hệ thống</p><p>&nbsp; &nbsp; • Hỗ trợ khoa Công nghệ thông tin quản lý và kiểm soát toàn bộ đồ án của sinh viên.</p><p>&nbsp; &nbsp; • Quản lý các thông tin về bộ môn, môn học, giảng viên, sinh viên.</p><p>&nbsp; &nbsp; • Cho phép giảng viên, sinh viên dễ dàng đăng tải, cập nhật thông tin đồ án.</p><p>&nbsp; &nbsp; • Tạo một cơ sở dữ liệu thống nhất về lưu trữ đồ án môn học của sinh viên trong khoa.</p><p>&nbsp; &nbsp; • Trưng bày sản phẩm đồ án của sinh viên để phục vụ cho công tác nghiên cứu và phát triển sau này.</p><p>&nbsp; &nbsp; • Đưa ra các thống kê, báo cáo dữ liệu đồ án theo thời gian, thể loại.</p><p><br></p><p>&nbsp; &nbsp; &nbsp; &nbsp; 2.3. Phạm vi hệ thống</p><p>&nbsp; &nbsp; &nbsp; &nbsp; &nbsp; &nbsp; 2.3.1. Người sử dụng hệ thống</p><p>Người sử dụng</p><p>Mô tả</p><p>Admin</p><p>Có toàn quyền với hệ thống.</p><p>Giảng viên</p><p>&nbsp; &nbsp; • Quản lý sinh viên trong những môn học phụ trách, cấp tài khoản cho các nhóm trưởng</p><p>&nbsp; &nbsp; • Quản lý và kiểm duyệt đồ án trong những môn học phụ trách.</p><p>Sinh viên</p><p>&nbsp; &nbsp; • Cập nhật thông tin đồ án của nhóm</p><p>&nbsp; &nbsp; • Cập nhật thông tin cá nhân</p><p>&nbsp; &nbsp; • Tìm kiếm và xem thông tin của các đồ án khác</p><p>Khách</p><p>Là người dùng duyệt web, không có tài khoản truy cập hệ thống.</p><p>&nbsp; &nbsp; • Xem thông tin các sản phẩm đồ án môn học của sinh viên</p><p>&nbsp; &nbsp; • Tìm kiếm đồ án theo một số dữ kiện (tên đề tài, năm, tác giả,…)</p><p><br></p><p>&nbsp; &nbsp; &nbsp; &nbsp; &nbsp; &nbsp; 2.3.2. Mô hình phân rã chức năng của hệ thống</p><p><br></p><p>Note: “Quản trị” là bao gồm tất cả các chức năng quản trị dữ liệu của quản lý môn học, quản lý user ( sinh viên , giảng viên), quản lý thể loại, quản lý bộ môn, quản lý kỳ học, quản lý đồ án và mỗi chức năng đều có khả năng thêm, sửa, xóa hoặc tìm kiếm.</p><p><br></p><p><br></p><p>&nbsp; &nbsp; 3. ĐẶC TẢ YÊU CẦU CHỨC NĂNG</p><p>&nbsp; &nbsp; &nbsp; &nbsp; 3.1. Đăng nhập</p><p>&nbsp; &nbsp; &nbsp; &nbsp; &nbsp; &nbsp; 3.1.1. Mô tả nghiệp vụ</p><p>&nbsp; &nbsp; • Chức năng đăng nhập cho phép người dùng truy cập vào hệ thống thông qua tài khoản được cấp.</p><p>&nbsp; &nbsp; &nbsp; &nbsp; &nbsp; &nbsp; 3.1.2. Dòng sự kiện chính.</p><p>&nbsp; &nbsp; • Người dùng truy cập vào website của hệ thống.</p><p>&nbsp; &nbsp; • Người dùng chọn chức năng đăng nhập.</p><p>&nbsp; &nbsp; • Người dùng thực hiện nhập vào tài khoản và mật khẩu theo form của hệ thống và click “Đăng nhập” để gửi bắt đầu gửi dữ liệu đi.</p><p>&nbsp; &nbsp; • Hệ thống thực hiện xử lý dữ liệu và bắt đầu xác thực tài khoản.</p><p>&nbsp; &nbsp; • Tiếp theo hệ thống thực hiện kiểm tra quyền của tài khoản trong hệ thống để thực hiện điều hướng tới url thích hợp.</p><p>&nbsp; &nbsp; &nbsp; &nbsp; &nbsp; &nbsp; 3.1.3. Dòng sự kiện rẽ nhánh</p><p>&nbsp; &nbsp; • Hệ thống xác thực thông tin đăng nhập không thành công và hiển thị thông báo.</p><p>&nbsp; &nbsp; • Người dùng chọn huỷ đăng nhập.</p><p>&nbsp; &nbsp; &nbsp; &nbsp; &nbsp; &nbsp; 3.1.4. Yêu cầu đặc biệt</p><p>&nbsp; &nbsp; &nbsp; &nbsp; &nbsp; &nbsp; 3.1.5. Điều kiện trước</p><p>&nbsp; &nbsp; • Tài khoản người dùng đã được tạo sẵn.</p><p>&nbsp; &nbsp; • Tài khoản người dùng đã được phân quyền.</p><p>&nbsp; &nbsp; &nbsp; &nbsp; &nbsp; &nbsp; 3.1.6. Điều kiện sau</p><p>&nbsp; &nbsp; • Người dùng đăng nhập thành công, hệ thống điều hướng người dùng đến url theo nhóm quyền đã được quy định.</p><p><br></p><p>&nbsp; &nbsp; &nbsp; &nbsp; 3.2. Phân quyền</p><p>&nbsp; &nbsp; &nbsp; &nbsp; &nbsp; &nbsp; 3.2.1. Mô tả nghiệp vụ</p><p>&nbsp; &nbsp; • Chức năng phân quyền hệ thống thực hiện phân chia các chức năng của hiện có của hệ thống cho mỗi nhóm người dùng, để đảm bảo được việc mỗi nhóm người chỉ được thực hiện những chức năng đã được cấp quyền.</p><p>&nbsp; &nbsp; • Và ngăn chặn việc người dùng truy cập và khai thác thông tin trái phép từ những chức năng mà chưa được cấp quyền.</p><p>&nbsp; &nbsp; • Chức năng phân quyền hệ thống chỉ có account với nhóm quyền là “admin“ mới có quyền thực hiện.</p><p>&nbsp; &nbsp; &nbsp; &nbsp; &nbsp; &nbsp; 3.2.2. Dòng sự kiện chính</p><p>&nbsp; &nbsp; • Người dùng thực hiện đăng nhập vào hệ thống với account thuộc nhóm quyền “admin”.</p><p>&nbsp; &nbsp; • Sau khi đã đăng nhập người dùng thực hiện truy cập vào chức năng phân quyền hệ thống.</p><p>&nbsp; &nbsp; • Thực hiện tìm kiếm nhóm quyền muốn thao tác và thực hiện chọn và cấp quyền những chức năng cho nhóm quyền đấy.</p><p>&nbsp; &nbsp; • Sau khi đã thực hiện phân cho từng nhóm quyền những chức năng cụ thể người dùng sẽ thực hiện gửi dữ liệu lên server và hệt hống thực hiện xử lý và lưu trữ những thông tin nhận được.</p><p>&nbsp; &nbsp; &nbsp; &nbsp; &nbsp; &nbsp; 3.2.3. Dòng sự kiện rẽ nhánh</p><p>&nbsp; &nbsp; • Nếu người dùng thực hiện truy cập với account không thuộc nhóm quyền&nbsp; “admin” nhưng vẫn cố tình truy cập vào chức năng đấy sẽ bị cảnh báo và ngăn chặn truy cập.</p><p>&nbsp; &nbsp; &nbsp; &nbsp; &nbsp; &nbsp; 3.2.4. Yêu cầu đặc biệt</p><p>&nbsp; &nbsp; • Chỉ account thuộc nhóm quyền “admin” mới có quyền truy cập vào chức năng phân quyền hệ thống.</p><p><br></p><p>&nbsp; &nbsp; &nbsp; &nbsp; &nbsp; &nbsp; 3.2.5. Điều kiện trước</p><p>&nbsp; &nbsp; • Đăng nhập với account thuộc nhóm quyền “admin”.</p><p>&nbsp; &nbsp; &nbsp; &nbsp; &nbsp; &nbsp; 3.2.6. Điều kiện sau</p><p>&nbsp; &nbsp; • Thông báo đã hoàn tất thao tác cho người dùng.</p><p>&nbsp; &nbsp; • Điều hường dùng đến url danh sách các nhóm quyền.</p><p><br></p><p>&nbsp; &nbsp; &nbsp; &nbsp; 3.3. Quản lý user&nbsp;</p><p>&nbsp; &nbsp; &nbsp; &nbsp; &nbsp; &nbsp; 3.3.1. Mô tả nghiệp vụ</p><p>&nbsp; &nbsp; • Chức năng quản lý thông tin người dùng sẽ thực hiện lưu trữ và quản lý việc thêm mới, chỉnh sửa, disable, xóa các account và tìm kiếm account trong hệ thống.</p><p>&nbsp; &nbsp; &nbsp; &nbsp; &nbsp; &nbsp; 3.3.2. Dòng sự kiện chính</p><p>&nbsp; &nbsp; • Người dùng sau khi đăng nhập vào hệ thống sẽ thực hiện truy cập vào chức năng quản lý thông tin người dùng.</p><p>&nbsp; &nbsp; • Thêm mới account (tài khoản người dùng):</p><p>&nbsp; &nbsp; • Người dùng thực hiện nhập đầy đủ thông tin của account vào form đã được quy định của hệ thống.</p><p>&nbsp; &nbsp; • Sau khi nhập đầy đủ thông tin theo form quy định người dùng thực hiện click button “Thêm Mới” để có thể gửi dữ liệu thông tin người dùng lên hệ thống.</p><p>&nbsp; &nbsp; &nbsp; &nbsp; ◦ Hệ thống thực hiện xử lý thông tin, kiểm tra tính hợp lệ nếu thông tin hợp lệ sẽ thực hiện lưu trữ vào cơ sở dữ liệu.</p><p>&nbsp; &nbsp; • Sửa thông tin:</p><p>&nbsp; &nbsp; &nbsp; &nbsp; ◦ Người dùng thực hiện tìm kiếm thông tin của account muốn chỉnh sửa và thực hiện chỉnh sửa thông tin theo form quy định của hệ thống.</p><p>&nbsp; &nbsp; &nbsp; &nbsp; ◦ Người dùng thực hiện gửi dữ liệu đã cập nhập.</p><p>&nbsp; &nbsp; &nbsp; &nbsp; ◦ Hệ thống tiếp nhận dữ liệu, kiểm tra và thực hiện update dữ liệu vào trong cơ sở dữ liệu.</p><p>&nbsp; &nbsp; • Xóa người dùng:</p><p>&nbsp; &nbsp; &nbsp; &nbsp; ◦ Người dùng thực hiện tìm kiếm thông tin user muốn xóa và thực hiện kiểm tra để xác nhận việc xóa account.</p><p>&nbsp; &nbsp; &nbsp; &nbsp; ◦ Nếu người dùng đã xác nhận và gửi yêu cầu xóa account lên hệ thống. Hệ thống sẽ thực hiện kiểm tra và disable account trong một khoảng thời gian nhất định và sẽ tự động xóa nếu không được hoàn tác</p><p>&nbsp; &nbsp; • Tìm kiếm:&nbsp;</p><p>&nbsp; &nbsp; &nbsp; &nbsp; ◦ Người dùng thực hiện nhập tên hoặc mã sinh viên hoặc mã giảng viên để thực hiện tìm kiếm thông tin acount</p><p>&nbsp; &nbsp; &nbsp; &nbsp; ◦ Hệ thống sẽ xử lý và hiện thị thông tin account trên màn hình nếu có.</p><p>&nbsp; &nbsp; &nbsp; &nbsp; &nbsp; &nbsp; 3.3.3. Dòng sự kiện rẽ nhánh</p><p>&nbsp; &nbsp; • Nếu người dùng thực hiện nhập dữ liệu đầu vào không hợp lệ hệ thống sẽ thự hiện kiểm tra và đưa ra lỗi yêu cầu người thực hiện lại.</p><p>&nbsp; &nbsp; &nbsp; &nbsp; &nbsp; &nbsp; 3.3.4. Yêu cầu đặc biệt</p><p>&nbsp; &nbsp; • Bắt buộc phải điền dữ liệu đầu vào đúng theo quy định của form.</p><p>&nbsp; &nbsp; • Báo lỗi khi thêm tài khoản bị trùng.</p><p>&nbsp; &nbsp; • Báo lỗi khi nhập thông tin không hợp lệ hay không chuẩn định dạng ngôn ngữ.</p><p>&nbsp; &nbsp; • Nhắc nhở nếu thông tin bị bỏ trống.</p><p>&nbsp; &nbsp; • Gửi thông báo thành công mỗi khi kết thúc các thao tác chức năng hoản thành.</p><p>&nbsp; &nbsp; • Nếu người dùng nhập sai thông tin tìm kiếm sẽ trả về thông báo không tìm thấy</p><p>&nbsp; &nbsp; &nbsp; &nbsp; &nbsp; &nbsp; 3.3.5. Điều kiện trước</p><p>&nbsp; &nbsp; • Đăng nhập thành công vào hệ thống với quyền “admin”.</p><p>&nbsp; &nbsp; &nbsp; &nbsp; &nbsp; &nbsp; 3.3.6. Điều kiện sau</p><p>&nbsp; &nbsp; • Thông báo đã cập nhập dữ liệu thành công cho người dùng biết.</p><p>&nbsp; &nbsp; • Cập nhập thông tin người dùng vào trong cơ sở dữ liệu.</p><p>&nbsp; &nbsp; • Điều hướng người dùng đến url hiển thị danh sách người dùng.</p><p><br></p><p>&nbsp; &nbsp; &nbsp; &nbsp; 3.4. Quản lý bộ môn</p><p>&nbsp; &nbsp; &nbsp; &nbsp; &nbsp; &nbsp; 3.4.1. Mô tả nghiệp vụ</p><p>&nbsp; &nbsp; • Thông tin bộ môn bao gồm mã bộ môn, tên bộ môn, các môn học, giảng viên giảng dạy của bộ môn....</p><p>&nbsp; &nbsp; • Chức năng quản lý bộ môn sẽ thực hiện.</p><p>&nbsp; &nbsp; • Lưu trữ thông tin bộ môn</p><p>&nbsp; &nbsp; • Thêm, sửa, xóa bộ môn</p><p>&nbsp; &nbsp; • Truy xuất thông tin bộ môn</p><p>&nbsp; &nbsp; • Chức năng quản lý thông tin bộ môn chỉ có account với nhóm quyền là “admin“ mới có quyền thực hiện.</p><p>&nbsp; &nbsp; &nbsp; &nbsp; &nbsp; &nbsp; 3.4.2. Dòng sự kiện chính</p><p>&nbsp; &nbsp; • Dữ liệu đầu vào: Thông tin chính của bộ môn trong khoa (mã bộ môn, tên bộ môn,…).</p><p>&nbsp; &nbsp; • Người thực hiện truy cập vào chức năng quản lý bộ môn.</p><p>&nbsp; &nbsp; • Thêm bộ môn:</p><p>&nbsp; &nbsp; &nbsp; &nbsp; ◦ Từ giao diện quản lý bộ môn người dùng ấn vào nút thêm bộ môn.</p><p>&nbsp; &nbsp; &nbsp; &nbsp; ◦ Người dùng thực hiện điền thông tin về bộ môn đúng theo form đã quy định.</p><p>&nbsp; &nbsp; &nbsp; &nbsp; ◦ Người dùng thực hiện click button “Thêm” để gửi dữ liệu lên hệ thống.</p><p>&nbsp; &nbsp; • Sửa bộ môn:</p><p>&nbsp; &nbsp; &nbsp; &nbsp; ◦ Từ giao diện quản lý bộ môn người dùng tìm kiếm bộ môn muốn cập nhập.</p><p>&nbsp; &nbsp; &nbsp; &nbsp; ◦ Thực hiện chỉnh sửa những thông tin bộ môn.</p><p>&nbsp; &nbsp; &nbsp; &nbsp; ◦ Thực hiện click button “Chỉnh sửa” để gửi dữ liệu lên hệ thống.</p><p>&nbsp; &nbsp; • Xóa bộ môn:</p><p>&nbsp; &nbsp; &nbsp; &nbsp; ◦ Từ giao diện quản lý bộ môn người dùng ấn vào nút xóa.</p><p>&nbsp; &nbsp; &nbsp; &nbsp; ◦ Người dùng điền tên bộ môn cần xóa.</p><p>&nbsp; &nbsp; &nbsp; &nbsp; ◦ Thực hiện click button “Xóa” để xóa bộ môn.</p><p>&nbsp; &nbsp; • Tìm kiếm bộ môn:</p><p>&nbsp; &nbsp; • Từ giao diện quản lý bộ môn người dùng ấn vào nút tìm kiếm.</p><p>&nbsp; &nbsp; • Người dùng điền tên bộ môn cần tìm kiếm.</p><p>&nbsp; &nbsp; • Sau đó nhấn nút tìm kiếm.</p><p>&nbsp; &nbsp; &nbsp; &nbsp; &nbsp; &nbsp; 3.4.3. Dòng sự kiện rẽ nhánh</p><p>&nbsp; &nbsp; • Thêm bộ môn:</p><p>&nbsp; &nbsp; • Đưa ra thông báo lỗi nếu tên bộ môn đã tồn tại, ngược lại đưa ra thông báo thêm bộ môn thành công.</p><p>&nbsp; &nbsp; • Sửa bộ môn:</p><p>&nbsp; &nbsp; • Đưa ra thông báo không thể cập nhật nếu quá trình cập nhật gặp lỗi, ngược lại đưa ra thông báo cập nhật thành công.</p><p>&nbsp; &nbsp; • Xóa bộ môn:</p><p>&nbsp; &nbsp; • Đưa ra thông báo không thể xóa nếu quá trình xóa gặp lỗi, ngược lại đưa ra thông báo xóa thành công.</p><p>&nbsp; &nbsp; • Tìm kiếm bộ môn:</p><p>&nbsp; &nbsp; • Đưa ra thông báo không tìm thấy bộ môn&nbsp; nếu quá trình tìm kiếm gặp lỗi, ngược lại thì form sẽ hiển thị thông tin bộ môn cần tìm kiếm.</p><p>&nbsp; &nbsp; &nbsp; &nbsp; &nbsp; &nbsp; 3.4.4. Yêu cầu đặc biệt</p><p>&nbsp; &nbsp; • Không nhập trùng dữ liệu thông tin bộ môn.</p><p>&nbsp; &nbsp; • Không bỏ trống.</p><p>&nbsp; &nbsp; • Bắt buộc điền thông tin đúng theo yêu cầu của dữ liệu đầu vào.</p><p>&nbsp; &nbsp; &nbsp; &nbsp; &nbsp; &nbsp; 3.4.5. Điều kiện trước</p><p>&nbsp; &nbsp; • Cần phải đăng nhập thành công vào hệ thống với quyền “Admin”.</p><p>&nbsp; &nbsp; &nbsp; &nbsp; &nbsp; &nbsp; 3.4.6. Điều kiện sau</p><p><br></p><p>&nbsp; &nbsp; &nbsp; &nbsp; 3.5. Quản lý môn học</p><p>&nbsp; &nbsp; &nbsp; &nbsp; &nbsp; &nbsp; 3.5.1. Mô tả nghiệp vụ</p><p>&nbsp; &nbsp; • Chức năng quản lý môn học cho phép người dùng kiểm soát và quản lý toàn bộ thông tin về môn học của khoa.</p><p>&nbsp; &nbsp; • Người dùng có thể thực hiện:</p><p>&nbsp; &nbsp; &nbsp; &nbsp; ◦ Thêm môn học</p><p>&nbsp; &nbsp; &nbsp; &nbsp; ◦ Sửa môn học</p><p>&nbsp; &nbsp; &nbsp; &nbsp; ◦ Xóa môn học</p><p>&nbsp; &nbsp; &nbsp; &nbsp; ◦ Tìm kiếm môn học</p><p>&nbsp; &nbsp; &nbsp; &nbsp; &nbsp; &nbsp; 3.5.2. Dòng sự kiện chính</p><p>&nbsp; &nbsp; • Người dùng chọn chức năng quản lý môn học.</p><p>&nbsp; &nbsp; • Hệ thống hiển thị giao diện quản lý môn học, người dùng có thể xem thông tin môn học hoặc thực hiện các chức năng thêm, sửa, xoá, tìm kiếm.</p><p>&nbsp; &nbsp; • Thêm môn học:</p><p>&nbsp; &nbsp; &nbsp; &nbsp; ◦ Từ giao diện quản lý môn học, người dùng ấn vào nút thêm môn học, hệ thống hiển thị form thêm môn.</p><p>&nbsp; &nbsp; &nbsp; &nbsp; ◦ Người dùng thực hiện điền thông tin theo đúng dạng đã quy định.</p><p>&nbsp; &nbsp; &nbsp; &nbsp; ◦ Người dùng nhấn nút thêm.</p><p>&nbsp; &nbsp; • Sửa môn học:</p><p>&nbsp; &nbsp; &nbsp; &nbsp; ◦ Từ giao diện quản lý môn học, người dùng chọn môn học cần sửa.</p><p>&nbsp; &nbsp; &nbsp; &nbsp; ◦ Người dùng điền dữ liệu mới thay thế cho dữ liệu cũ và nhấn nút cập nhật.</p><p>&nbsp; &nbsp; • Xóa môn học:</p><p>&nbsp; &nbsp; &nbsp; &nbsp; ◦ Từ giao diện quản lý môn học, người dùng chọn môn học cần xoá.</p><p>&nbsp; &nbsp; &nbsp; &nbsp; ◦ Người dùng nhấn nút xóa.</p><p>&nbsp; &nbsp; • Tìm kiếm môn học:</p><p>&nbsp; &nbsp; &nbsp; &nbsp; ◦ Từ giao diện quản lý môn học, người dùng chọn vào mục tìm kiếm.</p><p>&nbsp; &nbsp; &nbsp; &nbsp; ◦ Người dùng điền tên hoặc mã môn học.</p><p>&nbsp; &nbsp; &nbsp; &nbsp; ◦ Người dùng nhấn nút tìm kiếm.</p><p>&nbsp; &nbsp; • Hệ thống tiếp nhận yêu cầu của người dùng và phản hồi lại.&nbsp;</p><p>&nbsp; &nbsp; &nbsp; &nbsp; &nbsp; &nbsp; 3.5.3. Dòng sự kiện rẽ nhánh</p><p>&nbsp; &nbsp; • Thêm môn học:</p><p>&nbsp; &nbsp; &nbsp; &nbsp; ◦ Môn học đã tồn tại hoặc dữ liệu gửi đi không hợp lệ, hệ thống xác nhận thêm môn học không thành công và hiển thị thông báo lỗi.</p><p>&nbsp; &nbsp; • Sửa môn học:</p><p>&nbsp; &nbsp; &nbsp; &nbsp; ◦ Dữ liệu gửi đi không hợp lệ, hệ thống xác nhận sửa môn học không thành công và hiển thị thông báo lỗi.</p><p>&nbsp; &nbsp; • Xóa môn học:</p><p>&nbsp; &nbsp; &nbsp; &nbsp; ◦ Hệ thống xác nhận xoá môn học không thành công và hiển thị thông báo lỗi.</p><p>&nbsp; &nbsp; • Tìm kiếm môn học:</p><p>&nbsp; &nbsp; &nbsp; &nbsp; ◦ Hệ thống hiển thị thông báo không tìm thấy môn học.</p><p>&nbsp; &nbsp; &nbsp; &nbsp; &nbsp; &nbsp; 3.5.4. Yêu cầu đặc biệt</p><p>&nbsp; &nbsp; &nbsp; &nbsp; &nbsp; &nbsp; 3.5.5. Điều kiện trước</p><p>&nbsp; &nbsp; • Người dùng phải đăng nhập thành công vào hệ thống.</p><p>&nbsp; &nbsp; • Người dùng phải có quyền “admin”.</p><p>&nbsp; &nbsp; • Người dùng phải nhập đúng định dạng đầu vào dữ liệu.</p><p>&nbsp; &nbsp; &nbsp; &nbsp; &nbsp; &nbsp; 3.5.6. Điều kiện sau</p><p>&nbsp; &nbsp; • Yêu cầu của người dùng được thực hiện thành công, hệ thống cập nhật dữ liệu và load lại giao diện quản lý môn học.</p><p><br></p><p>&nbsp; &nbsp; &nbsp; &nbsp; 3.6. Quản lý thể loại</p><p>&nbsp; &nbsp; &nbsp; &nbsp; &nbsp; &nbsp; 3.6.1. Mô tả nghiệp vụ</p><p>&nbsp; &nbsp; • Chức năng quản lý thể loại giúp cho người dùng phân loại và sắp xếp các đồ án theo các thể loại . Và quản lý việc cập nhập thêm sửa , xóa các thể loại.</p><p>&nbsp; &nbsp; &nbsp; &nbsp; &nbsp; &nbsp; 3.6.2. Dòng sự kiện chính</p><p>&nbsp; &nbsp; • Truy cập chức năng quản lý thể loại.</p><p>&nbsp; &nbsp; • Hệ thống hiển thị giao diện quản lý thể loại giúp người dùng có thể tìm kiếm và sắp xếp các đồ án theo các thể loại.</p><p>&nbsp; &nbsp; • Sắp xếp đồ án theo thể loại</p><p>&nbsp; &nbsp; &nbsp; &nbsp; ◦ Chọn thể loại cần thêm đồ án.</p><p>&nbsp; &nbsp; &nbsp; &nbsp; ◦ Chọn nút thêm đồ án vào thể loại đã chọn.</p><p>&nbsp; &nbsp; • Tìm kiếm đồ án theo thể loại:</p><p>&nbsp; &nbsp; &nbsp; &nbsp; ◦ Từ giao diện quản lý thể loại, người dùng chọn vào mục tìm kiếm.</p><p>&nbsp; &nbsp; &nbsp; &nbsp; ◦ Người dùng điền tên đồ án.</p><p>&nbsp; &nbsp; &nbsp; &nbsp; ◦ Người dùng nhấn nút tìm kiếm</p><p>&nbsp; &nbsp; &nbsp; &nbsp; &nbsp; &nbsp; 3.6.3. Dòng sự kiện rẽ nhánh</p><p>&nbsp; &nbsp; • Sắp xếp:</p><p>&nbsp; &nbsp; &nbsp; &nbsp; ◦ Báo lỗi khi đồ án đã tồn tại trong thể loại.</p><p>&nbsp; &nbsp; &nbsp; &nbsp; ◦ Gửi thông báo thành công mỗi khi kết thúc các thao tác chức năng hoản thành.</p><p>&nbsp; &nbsp; • Tìm kiếm:</p><p>&nbsp; &nbsp; &nbsp; &nbsp; ◦ Hiển thị không tìm thấy đồ án yêu cầu.</p><p><br></p><p>&nbsp; &nbsp; &nbsp; &nbsp; &nbsp; &nbsp; 3.6.4. Yêu cầu đặc biệt</p><p>&nbsp; &nbsp; &nbsp; &nbsp; &nbsp; &nbsp; 3.6.5. Điều kiện trước</p><p>&nbsp; &nbsp; • Đăng nhập thành công hệ thống.</p><p>&nbsp; &nbsp; • Tài khoản được cấp quyền admin.</p><p>&nbsp; &nbsp; • Chọn chức năng quản lý thể loại.</p><p>&nbsp; &nbsp; &nbsp; &nbsp; &nbsp; &nbsp; 3.6.6. Điều kiện sau</p><p>&nbsp; &nbsp; • Xuất ra thông báo khi người dùng hoàn thành thao tác.</p><p><br></p><p>&nbsp; &nbsp; &nbsp; &nbsp; 3.7. Quản lý năm học</p><p>&nbsp; &nbsp; &nbsp; &nbsp; &nbsp; &nbsp; 3.7.1. Mô tả nghiệp vụ</p><p>&nbsp; &nbsp; • Chức năng quản lý năm học cho phép người dùng quản lý và lưu trữ dữ liệu học kỳ, năm học làm đồ án.</p><p>&nbsp; &nbsp; • Người dùng có thể thực hiện:</p><p>&nbsp; &nbsp; &nbsp; &nbsp; ◦ Thêm năm học</p><p>&nbsp; &nbsp; &nbsp; &nbsp; ◦ Sửa năm học</p><p>&nbsp; &nbsp; &nbsp; &nbsp; &nbsp; &nbsp; 3.7.2. Dòng sự kiện chính</p><p>&nbsp; &nbsp; • Người dùng chọn chức năng quản lý năm học.</p><p>&nbsp; &nbsp; • Hệ thống hiển thị giao diện quản lý năm học, người dùng có thể thực hiện các chức năng thêm, sửa.</p><p>&nbsp; &nbsp; • Thêm năm học:</p><p>&nbsp; &nbsp; &nbsp; &nbsp; ◦ Từ giao diện quản lý năm học, người dùng ấn vào nút thêm năm học, hệ thống hiển thị form thêm năm học.</p><p>&nbsp; &nbsp; &nbsp; &nbsp; ◦ Người dùng thực hiện điền thông tin theo đúng dạng đã quy định.</p><p>&nbsp; &nbsp; &nbsp; &nbsp; ◦ Người dùng nhấn nút thêm.</p><p>&nbsp; &nbsp; • Sửa năm học:</p><p>&nbsp; &nbsp; &nbsp; &nbsp; ◦ Từ giao diện quản lý năm học, người dùng chọn năm học cần sửa.</p><p>&nbsp; &nbsp; &nbsp; &nbsp; ◦ Người dùng điền dữ liệu mới thay thế cho dữ liệu cũ và nhấn nút cập nhật.</p><p>&nbsp; &nbsp; • Hệ thống tiếp nhận yêu cầu của người dùng và phản hổi lại.</p><p>&nbsp; &nbsp; &nbsp; &nbsp; &nbsp; &nbsp; 3.7.3. Dòng sự kiện rẽ nhánh</p><p>&nbsp; &nbsp; • Thêm năm học:</p><p>&nbsp; &nbsp; &nbsp; &nbsp; ◦ Năm học đã tồn tại hoặc dữ liệu gửi đi không hợp lệ, hệ thống xác nhận thêm năm học không thành công và hiển thị thông báo lỗi.</p><p>&nbsp; &nbsp; • Sửa năm học:</p><p>&nbsp; &nbsp; &nbsp; &nbsp; ◦ Dữ liệu gửi đi không hợp lệ, hệ thống xác nhận sửa năm học không thành công và hiển thị thông báo lỗi..</p><p>&nbsp; &nbsp; &nbsp; &nbsp; &nbsp; &nbsp; 3.7.4. Yêu cầu đặc biệt</p><p>&nbsp; &nbsp; &nbsp; &nbsp; &nbsp; &nbsp; 3.7.5. Điều kiện trước</p><p>&nbsp; &nbsp; • Người dùng phải đăng nhập thành công vào hệ thống.</p><p>&nbsp; &nbsp; • Người dùng phải có quyền “admin”.</p><p>&nbsp; &nbsp; • Người dùng phải nhập đúng định dạng đầu vào dữ liệu.</p><p>&nbsp; &nbsp; &nbsp; &nbsp; &nbsp; &nbsp; 3.7.6. Điều kiện sau</p><p>&nbsp; &nbsp; • Yêu cầu của người dùng được thực hiện thành công, hệ thống cập nhật dữ liệu và load lại giao diện quản lý năm học.</p><p><br></p><p>&nbsp; &nbsp; &nbsp; &nbsp; 3.8. Quản lý lớp học phần<span style=\"white-space:pre\">	</span>//Chưa xong</p><p>&nbsp; &nbsp; &nbsp; &nbsp; &nbsp; &nbsp; 3.8.1. Mô tả nghiệp vụ</p><p>&nbsp; &nbsp; • Quản lý lớp học phần (thêm, sửa, xóa tên lớp).</p><p>&nbsp; &nbsp; • Quản lý thông tin các lớp học phần có thể thêm, sửa, xóa thông tin sinh viên thuộc lớp học phần.</p><p>&nbsp; &nbsp; • Tìm kiếm thông tin lớp học phần.</p><p>&nbsp; &nbsp; &nbsp; &nbsp; &nbsp; &nbsp; 3.8.2. Dòng sự kiện chính</p><p>&nbsp; &nbsp; • Truy cập chức năng quản lý lớp học phần (Khoa --&gt; Bộ môn giảng dạy --&gt; Lớp học phần) đăng nhập hệ thống với quyền là admin.</p><p>&nbsp; &nbsp; • Người dùng tiếp tục chọn chức năng mà mình muốn thao tác.</p><p>&nbsp; &nbsp; • Thêm lớp học phần:</p><p>&nbsp; &nbsp; • Người dùng ấn vào nút thêm lớp học phần.</p><p>&nbsp; &nbsp; • Người dùng điền thông tin vào lớp học phần.</p><p>&nbsp; &nbsp; • Người dùng thực hiện click button “Thêm” để gửi dữ liệu lên hệ thống.</p><p>&nbsp; &nbsp; • Sửa lớp học phần:</p><p>&nbsp; &nbsp; • Người dùng tìm kiếm lớp học phần muốn cập nhập.</p><p>&nbsp; &nbsp; • Thực hiện chỉnh sửa những thông tin lớp học phần.</p><p>&nbsp; &nbsp; • Thực hiện click button “Chỉnh sửa” để gửi dữ liệu lên hệ thống.</p><p>&nbsp; &nbsp; • Xóa lớp học phần:</p><p>&nbsp; &nbsp; • Người dùng ấn vào nút xóa.</p><p>&nbsp; &nbsp; • Người dùng điền tên lớp học phần cần xóa.</p><p>&nbsp; &nbsp; • Thực hiện click button “Xóa” để xóa lớp học phần.</p><p>&nbsp; &nbsp; &nbsp; &nbsp; &nbsp; &nbsp; 3.8.3. Dòng sự kiện rẽ nhánh</p><p>&nbsp; &nbsp; • Đưa ra thông báo lỗi nếu lớp học phần đã tồn tại trong hệ thống, ngược lại đưa ra thông báo thành công.</p><p>&nbsp; &nbsp; • Sửa lớp học phần:</p><p>&nbsp; &nbsp; • Đưa ra thông báo thành công nếu lớp học phần được thay đổi, ngược lại đưa ra thông báo không thể cập nhật.</p><p>&nbsp; &nbsp; • Xóa lớp học phần:</p><p>&nbsp; &nbsp; • Đưa ra thông báo thành công nếu lớp học phần được xóa khỏi cơ sở dữ liệu, ngược lại thông báo không thể xóa.</p><p>&nbsp; &nbsp; &nbsp; &nbsp; &nbsp; &nbsp; 3.8.4. Yêu cầu đặc biệt</p><p>&nbsp; &nbsp; &nbsp; &nbsp; &nbsp; &nbsp; 3.8.5. Điều kiện trước</p><p>&nbsp; &nbsp; &nbsp; &nbsp; &nbsp; &nbsp; 3.8.6. Điều kiện sau</p><p><br></p><p>&nbsp; &nbsp; &nbsp; &nbsp; 3.9. Quản lý đồ án</p><p>&nbsp; &nbsp; &nbsp; &nbsp; &nbsp; &nbsp; 3.9.1. Mô tả nghiệp vụ</p><p>&nbsp; &nbsp; • Chức năng quản lý đồ án cho phép người dùng kiểm soát và quản lý toàn bộ thông tin về môn học của khoa.</p><p>&nbsp; &nbsp; • Người dùng có thể thực hiện:</p><p>&nbsp; &nbsp; &nbsp; &nbsp; ◦ Thêm đồ án.</p><p>&nbsp; &nbsp; &nbsp; &nbsp; ◦ Sửa đồ án.</p><p>&nbsp; &nbsp; &nbsp; &nbsp; ◦ Xóa đồ án.</p><p>&nbsp; &nbsp; &nbsp; &nbsp; ◦ Tìm kiếm đồ án.</p><p>&nbsp; &nbsp; &nbsp; &nbsp; &nbsp; &nbsp; 3.9.2. Dòng sự kiện chính</p><p>&nbsp; &nbsp; • Truy cập hệ thống chọn quản lý đồ án.</p><p>&nbsp; &nbsp; • Hệ thống hiển thị danh sách đồ án theo thông tin mặc định.</p><p>&nbsp; &nbsp; • Thêm đồ án:</p><p>&nbsp; &nbsp; &nbsp; &nbsp; ◦ Người dùng thực hiện click button “thêm đồ án”.</p><p>&nbsp; &nbsp; &nbsp; &nbsp; ◦ Hệ thống thực hiện hiển thị form thêm đồ án của hệ thống.</p><p>&nbsp; &nbsp; &nbsp; &nbsp; ◦ Người dùng thực hiện điền thông tin của đồ án muốn đưa lên và click button “Lưu”.</p><p>&nbsp; &nbsp; &nbsp; &nbsp; ◦ Hệ thống sẽ tiếp nhận dữ liệu và lưu đồ án vào trong danh sách chờ duyệt của hệ thống.</p><p>&nbsp; &nbsp; • Chỉnh sửa đồ án :&nbsp;</p><p>&nbsp; &nbsp; &nbsp; &nbsp; ◦ Hệ thống đưa ra dữ liệu về thông tin đồ án theo dữ liệu người dùng tìm kiếm.</p><p>&nbsp; &nbsp; &nbsp; &nbsp; ◦ Người dùng thực hiện xem chi tiết đồ án và chọn button “chỉnh sưa”.</p><p>&nbsp; &nbsp; &nbsp; &nbsp; ◦ Hệ thống hiển thị form chỉnh sửa của đồ.</p><p>&nbsp; &nbsp; &nbsp; &nbsp; ◦ Người dùng thực hiện cập nhập thông tin muốn chỉnh sửa từ đồ án và clink “Lưu” khi hoàn thành.</p><p>&nbsp; &nbsp; &nbsp; &nbsp; ◦ Hệ thống thực hiện lưu trữ thông thông tin đã cập nhập của đồ án.</p><p>&nbsp; &nbsp; • Xóa đồ án :</p><p>&nbsp; &nbsp; &nbsp; &nbsp; ◦ Người dùng thực hiện chọn đồ án muốn xóa.</p><p>&nbsp; &nbsp; &nbsp; &nbsp; ◦ Hệ thống hiển thị thông tin chi tiết của đồ án.</p><p>&nbsp; &nbsp; &nbsp; &nbsp; ◦ Người dùng click button xóa và xác nhận yêu cầu xóa từ hệ thống.</p><p>&nbsp; &nbsp; &nbsp; &nbsp; ◦ Hệ thống thực hiện đưa nhừng đồ án muốn xóa vào danh sách đồ án chờ xóa và sẽ được xóa trong một khoảng thời gian theo quy định</p><p>&nbsp; &nbsp; • Tìm kiếm đồ án:</p><p>&nbsp; &nbsp; &nbsp; &nbsp; ◦ Từ giao diện quản lý môn học, người dùng chọn vào mục tìm kiếm.</p><p>&nbsp; &nbsp; &nbsp; &nbsp; ◦ Người dùng điền tên hoặc mã môn học.</p><p>&nbsp; &nbsp; &nbsp; &nbsp; ◦ Người dùng click button “Tìm kiếm”&nbsp;</p><p>&nbsp; &nbsp; &nbsp; &nbsp; ◦ Hệ thống hiện thị và đưa ra dữ liệu về các đồ án theo người dùng muốn thìm kiếm.</p><p>&nbsp; &nbsp; &nbsp; &nbsp; &nbsp; &nbsp; 3.9.3. Dòng sự kiện rẽ nhánh</p><p>&nbsp; &nbsp; • Thêm đồ án:</p><p>&nbsp; &nbsp; &nbsp; &nbsp; ◦ Đồ án đã tồn tại hoặc dữ liệu gửi đi không hợp lệ, hệ thống xác nhận thêm đồ án không thành công và hiển thị thông báo lỗi.</p><p>&nbsp; &nbsp; • Sửa môn học:</p><p>&nbsp; &nbsp; &nbsp; &nbsp; ◦ Dữ liệu cập nhập không hợp lệ, hệ thống xác nhận chỉnh sửa đồ án không thành công và hiển thị thông báo lỗi..</p><p>&nbsp; &nbsp; • Xóa môn học:</p><p>&nbsp; &nbsp; &nbsp; &nbsp; ◦ Hệ thống xác nhận xoá môn học không thành công và hiển thị thông báo lỗi.</p><p>&nbsp; &nbsp; • Tìm kiếm môn học:</p><p>&nbsp; &nbsp; &nbsp; &nbsp; ◦ Hệ thống hiển thị thông báo không tìm thấy đồ án.</p><p>&nbsp; &nbsp; &nbsp; &nbsp; &nbsp; &nbsp; 3.9.4. Yêu cầu đặc biệt</p><p>&nbsp; &nbsp; • Người dùng bắt buộc phải điền đầy đủ thông tin của đồ án theo form quy định của hệ thống.</p><p>&nbsp; &nbsp; &nbsp; &nbsp; &nbsp; &nbsp; 3.9.5. Điều kiện trước</p><p>&nbsp; &nbsp; • Đăng nhập thành công vào hệ thống.</p><p>&nbsp; &nbsp; &nbsp; &nbsp; &nbsp; &nbsp; 3.9.6. Điều kiện sau</p><p>&nbsp; &nbsp; • Thêm môn học :&nbsp;</p><p>&nbsp; &nbsp; &nbsp; &nbsp; ◦ Thông báo thành công và điều hướng url người dùng tới trang chi tiết đồ án.</p><p>&nbsp; &nbsp; • Chỉnh sửa thành công :&nbsp;</p><p>&nbsp; &nbsp; &nbsp; &nbsp; ◦ Hiển thị thông báo đã chỉnh sửa thành công và Refresh lại page.</p><p>&nbsp; &nbsp; • Xóa đồ án :&nbsp;</p><p>&nbsp; &nbsp; &nbsp; &nbsp; ◦ Hiển thị thông báo đã đưa đồ án vào danh sách chờ xóa. Và điều hướng người dùng tới danh sách đồ án.</p><p><br></p><p>&nbsp; &nbsp; &nbsp; &nbsp; 3.10. Thống kê báo cáo đồ án</p><p>&nbsp; &nbsp; &nbsp; &nbsp; &nbsp; &nbsp; 3.10.1. Mô tả nghiệp vụ</p><p>&nbsp; &nbsp; • Hiển thị thông tin của đồ án theo thời gian hoặc thể loại.</p><p>&nbsp; &nbsp; &nbsp; &nbsp; &nbsp; &nbsp; 3.10.2. Dòng sự kiện chính</p><p>&nbsp; &nbsp; • Người dùng đăng nhập vào hệ thống rồi chọn chức năng truy xuất thông tin thống kê báo cáo.</p><p>&nbsp; &nbsp; • Người dùng điền dữ liệu theo chuẩn giao diện đã thiết lập.</p><p>&nbsp; &nbsp; • Dữ liệu đầu vào: thời gian, thể loại.</p><p>&nbsp; &nbsp; • Ấn nút thông kê để thực hiện chức năng.</p><p>&nbsp; &nbsp; &nbsp; &nbsp; &nbsp; &nbsp; 3.10.3. Dòng sự kiện rẽ nhánh</p><p>&nbsp; &nbsp; • Hiện thỉ thông tin của các đồ án phù hợp với các điều kiện đầu vào, ngược lại hiển thị thông báo không có đồ án nào.</p><p>&nbsp; &nbsp; &nbsp; &nbsp; &nbsp; &nbsp; 3.10.4. Yêu cầu đặc biệt</p><p>&nbsp; &nbsp; &nbsp; &nbsp; &nbsp; &nbsp; 3.10.5. Điều kiện trước</p><p>&nbsp; &nbsp; • Người dùng phải đăng nhập thành công vào hệ thống.</p><p>&nbsp; &nbsp; • Người dùng phải có quyền “Admin”.</p><p>&nbsp; &nbsp; &nbsp; &nbsp; &nbsp; &nbsp; 3.10.6. Điều kiện sau</p><p><br></p><p>&nbsp; &nbsp; &nbsp; &nbsp; 3.11. Kiểm duyệt đồ án</p><p>&nbsp; &nbsp; &nbsp; &nbsp; &nbsp; &nbsp; 3.11.1. Mô tả nghiệp vụ</p><p>&nbsp; &nbsp; • Thực hiện kiểm duyệt thông tin của đồ án sau khi người dùng là giảng viên hoặc sinh viên đưa lên trước khi hiển thị đồ án đấy lên hệ thống.</p><p>&nbsp; &nbsp; &nbsp; &nbsp; &nbsp; &nbsp; 3.11.2. Dòng sự kiện chính</p><p>&nbsp; &nbsp; • Sau khi người dùng là giảng viên hoặc user đưa đồ án lên hệ thống sẽ được đưa vào một danh sách chờ duyệt trong chức năng kiểm duyệt</p><p>&nbsp; &nbsp; • Người kiểm duyệt sẽ thực hiện truy cập vào chức năng kiểm duyệt và chọn ra đồ án cần duyệt tỏng danh sách.</p><p>&nbsp; &nbsp; • Người kiểm duyệt thực hiện click vào đồ án mình đã chọn và kiểm tra nội dung của đồ án</p><p>&nbsp; &nbsp; • Sau khi đã kiểm tra kỹ nội dung của đồ án người kiểm duyệt sẽ click button duyệt hay không ?</p><p>&nbsp; &nbsp; &nbsp; &nbsp; ◦ Nếu đồ án có nội dung phù hợp, được duyệt hệ thống sẽ thêm đồ án vào danh sách chính của chức năng quản lý đồ án và hiển thị đồ án lên hệ thống</p><p>&nbsp; &nbsp; &nbsp; &nbsp; ◦ Nếu đồ án được kiểm duyệt có nội dung không phù hợp và không được kiểm duyệt sẽ bị đưa vào danh sách chờ xóa, và sẽ tự động xóa trong mội khoảng thời gian nhất định.</p><p>&nbsp; &nbsp; &nbsp; &nbsp; &nbsp; &nbsp; 3.11.3. Dòng sự kiện rẽ nhánh</p><p>&nbsp; &nbsp; &nbsp; &nbsp; &nbsp; &nbsp; 3.11.4. Yêu cầu đặc biệt</p><p>&nbsp; &nbsp; • Người kiểm duyệt bắt buộc phải kiểm tra kỹ nội dung của đồ án được đưa lên trước khi kiểm duyệt đồ án để hiển thị ra hệ thống.</p><p>&nbsp; &nbsp; • Nếu đồ án chứa nội dung không phù hợp hoặc người kiểm duyệt dựa thoe kinh nghiệm của mình nhận thấy đồ án có sự trùng lặp nội dung thì cũng không được kiểm duyệt để hiện thị lên hệ thống.</p><p>&nbsp; &nbsp; • Người kiểm duyệt với nhóm quyền “admin” sẽ có thể toàn quyền kiểm duyệt tất cả đồ án.</p><p>&nbsp; &nbsp; • Người kiểm duyệt với nhóm quyền là “Giảng viên” sẽ chỉ có thể kiểm duyệt được những đồ án mà mình trực tiếp giảng quản lý hoặc giảng dạy môn học đó.</p><p>&nbsp; &nbsp; &nbsp; &nbsp; &nbsp; &nbsp; 3.11.5. Điều kiện trước</p><p>&nbsp; &nbsp; • Đăng nhập thành công vào hệ thống với quyền “Admin” hoặc “Giảng Viên”.</p><p>&nbsp; &nbsp; &nbsp; &nbsp; &nbsp; &nbsp; 3.11.6. Điều kiện sau</p><p>&nbsp; &nbsp; • Xuất ra thông báo đã kiểm duyệt thành công và điều hướng người dùng trới url danh sách đồ án chờ</p><p><br></p><p><br></p>','https://www.npmjs.com/package/ngx-summernote','TL01','611294',1,1,'2020-09-04 11:33:17','admin',NULL,'2020-09-04 11:33:17');
/*!40000 ALTER TABLE `projects` ENABLE KEYS */;
UNLOCK TABLES;

--
-- Table structure for table `roles`
--

DROP TABLE IF EXISTS `roles`;
/*!40101 SET @saved_cs_client     = @@character_set_client */;
/*!50503 SET character_set_client = utf8mb4 */;
CREATE TABLE `roles` (
  `id` int NOT NULL AUTO_INCREMENT,
  `role_name` varchar(50) CHARACTER SET utf8mb4 COLLATE utf8mb4_0900_ai_ci NOT NULL,
  PRIMARY KEY (`id`),
  UNIQUE KEY `role_name` (`role_name`)
) ENGINE=InnoDB AUTO_INCREMENT=4 DEFAULT CHARSET=utf8mb4 COLLATE=utf8mb4_general_ci;
/*!40101 SET character_set_client = @saved_cs_client */;

--
-- Dumping data for table `roles`
--

LOCK TABLES `roles` WRITE;
/*!40000 ALTER TABLE `roles` DISABLE KEYS */;
INSERT INTO `roles` VALUES (1,'Admin'),(2,'Giảng viên'),(3,'Sinh viên');
/*!40000 ALTER TABLE `roles` ENABLE KEYS */;
UNLOCK TABLES;

--
-- Table structure for table `roles_functions`
--

DROP TABLE IF EXISTS `roles_functions`;
/*!40101 SET @saved_cs_client     = @@character_set_client */;
/*!50503 SET character_set_client = utf8mb4 */;
CREATE TABLE `roles_functions` (
  `id` int NOT NULL AUTO_INCREMENT,
  `role_id` int NOT NULL,
  `function_id` int NOT NULL,
  `status` int NOT NULL DEFAULT '0',
  PRIMARY KEY (`id`),
  UNIQUE KEY `role_id_function_id` (`role_id`,`function_id`),
  KEY `role_id` (`role_id`),
  KEY `function_id` (`function_id`),
  CONSTRAINT `roles_functions_ibfk_1` FOREIGN KEY (`role_id`) REFERENCES `roles` (`id`),
  CONSTRAINT `roles_functions_ibfk_2` FOREIGN KEY (`function_id`) REFERENCES `functions` (`id`)
) ENGINE=InnoDB AUTO_INCREMENT=112 DEFAULT CHARSET=utf8mb4 COLLATE=utf8mb4_general_ci;
/*!40101 SET character_set_client = @saved_cs_client */;

--
-- Dumping data for table `roles_functions`
--

LOCK TABLES `roles_functions` WRITE;
/*!40000 ALTER TABLE `roles_functions` DISABLE KEYS */;
INSERT INTO `roles_functions` VALUES (1,1,1,1),(2,1,2,1),(3,1,3,1),(4,1,4,1),(5,1,5,1),(6,1,6,1),(7,1,7,1),(8,1,8,1),(9,1,9,1),(10,1,10,1),(11,1,11,1),(12,1,12,1),(13,1,13,1),(14,1,14,1),(15,1,15,1),(16,1,16,1),(17,1,17,1),(18,1,18,1),(19,1,19,1),(20,1,20,1),(21,1,21,1),(22,1,22,1),(23,1,23,1),(24,1,24,1),(25,1,25,1),(26,1,26,1),(27,1,27,1),(28,1,28,1),(29,1,29,1),(30,1,30,1),(31,1,31,1),(32,1,32,1),(33,1,33,1),(34,1,34,1),(35,1,35,1),(36,1,36,1),(37,1,37,1),(38,2,1,0),(39,2,2,0),(40,2,3,0),(41,2,4,0),(42,2,5,0),(43,2,6,0),(44,2,7,0),(45,2,8,0),(46,2,9,1),(47,2,10,0),(48,2,11,1),(49,2,12,0),(50,2,13,1),(51,2,14,1),(52,2,15,1),(53,2,16,0),(54,2,17,0),(55,2,18,0),(56,2,19,0),(57,2,20,0),(58,2,21,0),(59,2,22,0),(60,2,23,0),(61,2,24,1),(62,2,25,1),(63,2,26,1),(64,2,27,1),(65,2,28,0),(66,2,29,0),(67,2,30,0),(68,2,31,0),(69,2,32,1),(70,2,33,1),(71,2,34,1),(72,2,35,1),(73,2,36,1),(74,2,37,0),(75,3,1,0),(76,3,2,0),(77,3,3,0),(78,3,4,0),(79,3,5,0),(80,3,6,0),(81,3,7,0),(82,3,8,0),(83,3,9,0),(84,3,10,0),(85,3,11,0),(86,3,12,0),(87,3,13,0),(88,3,14,1),(89,3,15,0),(90,3,16,0),(91,3,17,0),(92,3,18,0),(93,3,19,0),(94,3,20,0),(95,3,21,0),(96,3,22,0),(97,3,23,0),(98,3,24,0),(99,3,25,0),(100,3,26,0),(101,3,27,0),(102,3,28,0),(103,3,29,0),(104,3,30,0),(105,3,31,0),(106,3,32,1),(107,3,33,1),(108,3,34,0),(109,3,35,0),(110,3,36,0),(111,3,37,0);
/*!40000 ALTER TABLE `roles_functions` ENABLE KEYS */;
UNLOCK TABLES;

--
-- Table structure for table `students`
--

DROP TABLE IF EXISTS `students`;
/*!40101 SET @saved_cs_client     = @@character_set_client */;
/*!50503 SET character_set_client = utf8mb4 */;
CREATE TABLE `students` (
  `student_code` varchar(10) COLLATE utf8mb4_general_ci NOT NULL,
  `class_code` varchar(10) COLLATE utf8mb4_general_ci DEFAULT NULL,
  PRIMARY KEY (`student_code`),
  KEY `student_code` (`student_code`),
  CONSTRAINT `students_ibfk_1` FOREIGN KEY (`student_code`) REFERENCES `users` (`username`)
) ENGINE=InnoDB DEFAULT CHARSET=utf8mb4 COLLATE=utf8mb4_general_ci;
/*!40101 SET character_set_client = @saved_cs_client */;

--
-- Dumping data for table `students`
--

LOCK TABLES `students` WRITE;
/*!40000 ALTER TABLE `students` DISABLE KEYS */;
INSERT INTO `students` VALUES ('611292','TH02'),('611293','K61CNTTP'),('611294','K61CNTTP'),('sv','K61CNTTP');
/*!40000 ALTER TABLE `students` ENABLE KEYS */;
UNLOCK TABLES;

--
-- Table structure for table `subjects`
--

DROP TABLE IF EXISTS `subjects`;
/*!40101 SET @saved_cs_client     = @@character_set_client */;
/*!50503 SET character_set_client = utf8mb4 */;
CREATE TABLE `subjects` (
  `id` int NOT NULL AUTO_INCREMENT,
  `subject_code` varchar(10) COLLATE utf8mb4_general_ci NOT NULL,
  `subject_name` varchar(200) CHARACTER SET utf8mb4 COLLATE utf8mb4_0900_ai_ci NOT NULL,
  `department_code` varchar(5) COLLATE utf8mb4_general_ci DEFAULT NULL,
  PRIMARY KEY (`id`),
  UNIQUE KEY `subject_code` (`subject_code`),
  KEY `department_code` (`department_code`),
  CONSTRAINT `subjects_ibfk_1` FOREIGN KEY (`department_code`) REFERENCES `departments` (`department_code`)
) ENGINE=InnoDB AUTO_INCREMENT=5 DEFAULT CHARSET=utf8mb4 COLLATE=utf8mb4_general_ci;
/*!40101 SET character_set_client = @saved_cs_client */;

--
-- Dumping data for table `subjects`
--

LOCK TABLES `subjects` WRITE;
/*!40000 ALTER TABLE `subjects` DISABLE KEYS */;
INSERT INTO `subjects` VALUES (1,'PTH03115','Đồ án 1','TH02'),(4,'aaaaaaaa','test','TH03');
/*!40000 ALTER TABLE `subjects` ENABLE KEYS */;
UNLOCK TABLES;

--
-- Table structure for table `users`
--

DROP TABLE IF EXISTS `users`;
/*!40101 SET @saved_cs_client     = @@character_set_client */;
/*!50503 SET character_set_client = utf8mb4 */;
CREATE TABLE `users` (
  `id` int NOT NULL AUTO_INCREMENT,
  `username` varchar(10) COLLATE utf8mb4_general_ci NOT NULL,
  `password` varchar(255) COLLATE utf8mb4_general_ci NOT NULL,
  `full_name` varchar(50) CHARACTER SET utf8mb4 COLLATE utf8mb4_0900_ai_ci NOT NULL,
  `birth_date` date DEFAULT NULL,
  `gender` varchar(5) CHARACTER SET utf8mb4 COLLATE utf8mb4_0900_ai_ci DEFAULT NULL,
  `email_address` varchar(100) COLLATE utf8mb4_general_ci DEFAULT NULL,
  `phone_number` varchar(10) COLLATE utf8mb4_general_ci DEFAULT NULL,
  `role_id` int NOT NULL,
  `user_avatar_url` varchar(900) CHARACTER SET utf8mb4 COLLATE utf8mb4_0900_ai_ci DEFAULT NULL,
  `status` int NOT NULL DEFAULT '1',
  `created_date` datetime DEFAULT CURRENT_TIMESTAMP,
  `created_by` varchar(10) COLLATE utf8mb4_general_ci DEFAULT NULL,
  PRIMARY KEY (`id`),
  UNIQUE KEY `username` (`username`),
  UNIQUE KEY `email_address` (`email_address`),
  KEY `role_id` (`role_id`),
  CONSTRAINT `users_ibfk_1` FOREIGN KEY (`role_id`) REFERENCES `roles` (`id`)
) ENGINE=InnoDB AUTO_INCREMENT=32 DEFAULT CHARSET=utf8mb4 COLLATE=utf8mb4_general_ci;
/*!40101 SET character_set_client = @saved_cs_client */;

--
-- Dumping data for table `users`
--

LOCK TABLES `users` WRITE;
/*!40000 ALTER TABLE `users` DISABLE KEYS */;
INSERT INTO `users` VALUES (9,'admin','$2a$10$l6tqC/PX7jLUzDvR4OrXjuwHYUzYBmrnR/XhvgpHTaxJTsw8lQ61.','admin','2020-09-02','Nữ','admin@gmail.com','0925334772',1,'/home/kiennd/group01-03project1/04-Source/Back-end/project/document/img/user/15555973_1102945323184936_2132821312_n (1).jpg',1,'2020-09-02 04:06:04',NULL),(10,'gv01','$2a$10$dDKQHWCTk3/SOQWfuBHsrupSPsyElVWSvi4JlLFkoZg/ofJYYoNma','Nguyen van edit','2020-09-14','Nam','ndkien98@gmail.com','0925332772',2,'/home/kiennd/group01-03project1/04-Source/Back-end/project/document/img/user/16976501_1644622599174369_1725739997_n.jpg',1,'2020-08-02 00:00:00','admin'),(20,'611292','$2a$10$WrpA3juIkZjqBYI5k1pBjewWxf9LS/h5TfhIXgveg7xxB5FBcw18y','Nguyễn Đắc edit ','2020-09-16','Nam','ndkien981@gmail.com','2323',3,'/home/kiennd/group01-03project1/04-Source/Back-end/project/document/img/user/15555973_1102945323184936_2132821312_n (1).jpg',1,'2020-08-02 00:00:00','admin'),(27,'gv03','$2a$10$bRZqghtDfyC6Np1kEIymbOvtzMw023kX/mPKrxpbQf7DElrxco1mO','dau ma sai gon','2020-09-18','Nam','ndkien9811111@gmail.com','2323',2,'/home/kiennd/group01-03project1/04-Source/Back-end/project/document/img/user/15555973_1102945323184936_2132821312_n (1).jpg',1,'2020-08-02 00:00:00','admin'),(28,'611293','$2a$10$VDC.//UDny/eEAKs0dFhZOZ3aDoOk7OKvJv4p1QgTCQuowhcJfHXm','Nguyen tung bai','2020-09-09','Nam','tungbai@gmail.com','0925334772',3,'/home/kiennd/group01-03project1/04-Source/Back-end/project/document/img/user/Screenshot from 2020-09-03 00-12-33.png',1,'2020-08-03 00:00:00','admin'),(29,'611294','$2a$10$gr.1OqCa7oNtduJGRorLV.ErZKWTrWNbUsR6gK6vqj09H0U.44VHi','Nguyen van Dan','2020-09-16','Nam','tungba11111i@gmail.com','0925334772',3,'/home/kiennd/group01-03project1/04-Source/Back-end/project/document/img/user/Screenshot from 2020-09-03 00-12-33.png',1,'2020-08-03 00:00:00','admin'),(31,'sv','$2a$10$Q/RDFBMU0hwXtogZbtqHWO96bS1/yCgTl3gsyApULSnQd.OZjcEFa','Nguyen van sinh vien','2020-09-22','Nam','tungba1111111111111i@gmail.com','0925334772',3,'/home/kiennd/group01-03project1/04-Source/Back-end/project/document/img/user/desktop_wallpaper___cristiano_ronaldo_by_enihal_daz6b3o-fullview.jpg',1,'2020-08-04 00:00:00','gv03');
/*!40000 ALTER TABLE `users` ENABLE KEYS */;
UNLOCK TABLES;

--
-- Table structure for table `years_semesters`
--

DROP TABLE IF EXISTS `years_semesters`;
/*!40101 SET @saved_cs_client     = @@character_set_client */;
/*!50503 SET character_set_client = utf8mb4 */;
CREATE TABLE `years_semesters` (
  `id` int NOT NULL AUTO_INCREMENT,
  `year` int NOT NULL,
  `semester` int NOT NULL,
  `start_date` date DEFAULT NULL,
  `weeks_number` int DEFAULT NULL,
  PRIMARY KEY (`id`),
  UNIQUE KEY `year` (`year`,`semester`)
) ENGINE=InnoDB AUTO_INCREMENT=5 DEFAULT CHARSET=utf8mb4 COLLATE=utf8mb4_general_ci;
/*!40101 SET character_set_client = @saved_cs_client */;

--
-- Dumping data for table `years_semesters`
--

LOCK TABLES `years_semesters` WRITE;
/*!40000 ALTER TABLE `years_semesters` DISABLE KEYS */;
INSERT INTO `years_semesters` VALUES (1,2020,1,NULL,20),(2,2020,2,NULL,20),(3,2021,1,NULL,21),(4,2021,2,NULL,21);
/*!40000 ALTER TABLE `years_semesters` ENABLE KEYS */;
UNLOCK TABLES;
/*!40103 SET TIME_ZONE=@OLD_TIME_ZONE */;

/*!40101 SET SQL_MODE=@OLD_SQL_MODE */;
/*!40014 SET FOREIGN_KEY_CHECKS=@OLD_FOREIGN_KEY_CHECKS */;
/*!40014 SET UNIQUE_CHECKS=@OLD_UNIQUE_CHECKS */;
/*!40101 SET CHARACTER_SET_CLIENT=@OLD_CHARACTER_SET_CLIENT */;
/*!40101 SET CHARACTER_SET_RESULTS=@OLD_CHARACTER_SET_RESULTS */;
/*!40101 SET COLLATION_CONNECTION=@OLD_COLLATION_CONNECTION */;
/*!40111 SET SQL_NOTES=@OLD_SQL_NOTES */;

-- Dump completed on 2020-09-04 21:35:24
